,file,onset,offset,class
0,fold4_room8_mix002,5.0,6.9,1
1,fold4_room8_mix002,7.5,10.9,1
2,fold4_room8_mix002,11.5,34.9,1
3,fold4_room8_mix002,35.5,48.9,1
4,fold4_room8_mix002,49.5,59.4,1
5,fold4_room8_mix002,60.5,62.9,1
6,fold4_room8_mix002,78.5,80.4,1
7,fold4_room8_mix002,96.5,97.4,1
8,fold4_room8_mix002,98.5,108.9,1
9,fold4_room8_mix002,169.0,176.9,1
10,fold4_room8_mix002,178.0,181.4,1
11,fold4_room8_mix002,182.0,182.9,1
12,fold4_room8_mix002,185.5,185.9,2
13,fold4_room10_mix003,46.0,49.4,1
14,fold4_room10_mix003,52.5,53.9,1
15,fold4_room10_mix003,56.0,57.9,1
16,fold4_room10_mix003,60.0,61.4,1
17,fold4_room10_mix003,64.0,72.9,1
18,fold4_room10_mix003,74.0,78.4,1
19,fold4_room10_mix003,81.0,81.9,1
20,fold4_room10_mix003,83.0,84.4,1
21,fold4_room10_mix003,86.0,86.9,1
22,fold4_room10_mix003,89.5,90.4,1
23,fold4_room10_mix003,92.5,92.9,1
24,fold4_room10_mix003,95.5,96.9,1
25,fold4_room10_mix003,102.0,102.9,1
26,fold4_room10_mix003,104.5,106.4,1
27,fold4_room10_mix003,108.5,109.4,1
28,fold4_room10_mix003,111.5,114.4,1
29,fold4_room10_mix003,117.0,117.9,1
30,fold4_room10_mix003,119.5,120.4,1
31,fold4_room10_mix003,121.5,123.4,1
32,fold4_room10_mix003,124.5,128.9,6
33,fold4_room10_mix001,46.0,52.9,1
34,fold4_room8_mix007,1.5,8.9,1
35,fold4_room8_mix007,9.5,20.9,0
36,fold4_room8_mix007,40.5,42.4,1
37,fold4_room8_mix007,44.0,47.9,1
38,fold4_room8_mix007,67.5,67.9,1
39,fold4_room8_mix007,69.5,78.9,1
40,fold4_room8_mix007,80.0,80.4,1
41,fold4_room8_mix007,81.0,81.9,0
42,fold4_room8_mix007,82.5,82.9,1
43,fold4_room8_mix007,83.5,85.9,0
44,fold4_room8_mix007,127.5,128.4,1
45,fold4_room8_mix007,128.5,130.4,2
46,fold4_room10_mix009,152.0,152.9,1
47,fold4_room10_mix009,154.0,154.9,0
48,fold4_room10_mix009,155.5,157.4,1
49,fold4_room10_mix009,157.5,157.9,0
50,fold4_room10_mix005,33.5,37.9,1
51,fold4_room10_mix005,40.5,42.9,1
52,fold4_room10_mix005,45.0,46.4,1
53,fold4_room10_mix005,48.5,52.4,1
54,fold4_room10_mix005,54.0,56.9,1
55,fold4_room10_mix005,59.5,61.9,6
56,fold4_room10_mix005,68.0,69.4,6
57,fold4_room10_mix005,73.5,77.9,6
58,fold4_room10_mix005,82.5,86.4,6
59,fold4_room10_mix005,86.5,89.4,1
60,fold4_room10_mix005,90.5,91.9,1
61,fold4_room10_mix005,94.5,99.9,1
62,fold4_room10_mix005,101.0,104.9,1
63,fold4_room10_mix005,106.0,110.4,1
64,fold4_room8_mix001,4.5,7.4,1
65,fold4_room8_mix001,8.5,9.4,1
66,fold4_room8_mix001,10.5,11.9,0
67,fold4_room8_mix001,12.0,20.9,1
68,fold4_room8_mix001,22.5,24.4,0
69,fold4_room8_mix001,24.5,24.9,1
70,fold4_room8_mix001,26.0,36.4,1
71,fold4_room8_mix001,39.0,39.4,1
72,fold4_room8_mix001,39.5,40.4,0
73,fold4_room8_mix001,41.5,60.4,1
74,fold4_room8_mix001,63.0,63.9,0
75,fold4_room8_mix001,65.5,70.9,0
76,fold4_room8_mix001,74.0,78.4,1
77,fold4_room8_mix001,79.5,97.9,1
78,fold4_room8_mix001,99.0,99.9,1
79,fold4_room8_mix001,101.0,101.4,1
80,fold4_room8_mix001,102.0,102.4,1
81,fold4_room8_mix001,104.0,105.9,1
82,fold4_room8_mix001,106.5,111.4,1
83,fold4_room8_mix001,112.0,112.9,1
84,fold4_room8_mix001,113.5,114.4,1
85,fold4_room8_mix001,116.0,117.4,1
86,fold4_room8_mix001,118.0,134.9,1
87,fold4_room8_mix001,136.0,139.9,1
88,fold4_room8_mix001,141.5,142.9,0
89,fold4_room8_mix001,143.5,146.9,1
90,fold4_room8_mix001,148.0,156.9,1
91,fold4_room8_mix001,158.0,160.4,1
92,fold4_room8_mix001,161.0,162.4,1
93,fold4_room8_mix001,163.0,165.4,1
94,fold4_room8_mix001,169.0,192.9,1
95,fold4_room8_mix001,193.0,193.9,0
96,fold4_room8_mix001,194.5,195.9,1
97,fold4_room8_mix001,197.0,201.9,1
98,fold4_room2_mix002,3.5,9.9,0
99,fold4_room2_mix002,10.5,21.9,1
100,fold4_room2_mix002,22.1,26.4,0
101,fold4_room2_mix002,26.5,31.5,1
102,fold4_room2_mix002,32.0,36.7,0
103,fold4_room2_mix002,37.9,42.3,1
104,fold4_room2_mix002,45.5,46.3,1
105,fold4_room2_mix002,47.5,52.0,0
106,fold4_room2_mix002,52.8,55.7,1
107,fold4_room2_mix002,56.4,59.2,0
108,fold4_room2_mix002,60.7,66.9,1
109,fold4_room2_mix002,67.3,68.1,0
110,fold4_room2_mix002,268.5,270.4,0
111,fold4_room10_mix008,129.5,134.4,6
112,fold4_room2_mix003,3.6,6.9,0
113,fold4_room2_mix003,7.3,10.9,1
114,fold4_room2_mix003,11.8,13.8,1
115,fold4_room2_mix003,15.5,17.2,0
116,fold4_room2_mix003,17.7,22.4,1
117,fold4_room2_mix003,23.5,30.0,0
118,fold4_room2_mix003,31.3,33.4,0
119,fold4_room2_mix003,33.7,36.7,1
120,fold4_room2_mix003,37.5,39.1,1
121,fold4_room2_mix003,40.0,41.7,0
122,fold4_room2_mix003,42.9,44.4,0
123,fold4_room2_mix003,45.0,47.9,0
124,fold4_room2_mix003,48.0,48.9,1
125,fold4_room2_mix003,49.7,55.7,0
126,fold4_room2_mix003,56.0,59.1,1
127,fold4_room2_mix003,59.7,59.9,0
128,fold4_room2_mix003,61.5,68.8,0
129,fold4_room2_mix003,69.3,78.1,0
130,fold4_room2_mix003,78.3,79.7,1
131,fold4_room2_mix003,81.5,82.5,0
132,fold4_room2_mix003,82.7,83.4,1
133,fold4_room2_mix003,83.6,89.5,0
134,fold4_room2_mix003,91.0,92.1,1
135,fold4_room2_mix003,92.8,107.9,0
136,fold4_room2_mix003,110.0,112.9,0
137,fold4_room2_mix003,113.0,114.2,1
138,fold4_room2_mix003,114.8,126.1,0
139,fold4_room2_mix003,126.9,127.9,1
140,fold4_room2_mix003,128.2,131.2,0
141,fold4_room2_mix003,132.0,133.7,1
142,fold4_room2_mix003,133.8,134.2,2
143,fold4_room2_mix003,136.5,138.9,1
144,fold4_room2_mix003,139.2,141.9,0
145,fold4_room2_mix003,142.5,144.7,1
146,fold4_room2_mix003,145.7,151.4,0
147,fold4_room2_mix003,151.7,152.4,1
148,fold4_room2_mix003,152.6,155.9,0
149,fold4_room2_mix003,156.5,158.2,0
150,fold4_room2_mix003,159.6,160.1,1
151,fold4_room2_mix003,161.7,165.5,0
152,fold4_room2_mix003,165.6,167.4,1
153,fold4_room2_mix003,168.6,170.3,0
154,fold4_room2_mix003,174.0,178.2,0
155,fold4_room2_mix003,179.9,185.4,0
156,fold4_room2_mix003,186.8,188.7,1
157,fold4_room2_mix003,192.0,194.9,0
158,fold4_room2_mix003,195.9,196.5,0
159,fold4_room2_mix003,198.0,205.5,0
160,fold4_room2_mix003,207.5,208.0,0
161,fold4_room2_mix003,212.5,213.4,0
162,fold4_room2_mix003,214.5,215.4,1
163,fold4_room2_mix003,216.5,217.4,0
164,fold4_room2_mix003,221.5,223.4,0
165,fold4_room2_mix003,223.8,224.6,1
166,fold4_room2_mix003,228.5,229.7,1
167,fold4_room2_mix003,234.5,237.2,0
168,fold4_room2_mix003,238.8,241.1,0
169,fold4_room2_mix003,241.3,244.3,1
170,fold4_room2_mix003,247.8,248.9,1
171,fold4_room2_mix005,2.7,4.6,1
172,fold4_room2_mix005,5.3,11.4,0
173,fold4_room2_mix005,12.0,17.4,1
174,fold4_room2_mix005,17.8,20.9,0
175,fold4_room2_mix005,21.5,23.9,1
176,fold4_room2_mix005,25.4,29.2,0
177,fold4_room2_mix005,29.5,31.9,1
178,fold4_room2_mix005,32.0,35.9,0
179,fold4_room2_mix005,36.0,40.9,1
180,fold4_room2_mix005,41.7,46.2,0
181,fold4_room2_mix005,47.5,47.8,1
182,fold4_room2_mix005,48.0,49.4,0
183,fold4_room2_mix005,50.3,53.4,0
184,fold4_room2_mix005,53.5,55.1,1
185,fold4_room2_mix005,56.2,56.7,0
186,fold4_room2_mix005,57.5,58.6,1
187,fold4_room2_mix005,59.3,63.6,0
188,fold4_room8_mix005,3.5,8.9,0
189,fold4_room8_mix005,9.0,19.4,1
190,fold4_room8_mix005,20.0,21.9,0
191,fold4_room8_mix005,22.5,29.9,1
192,fold4_room8_mix005,30.0,31.4,0
193,fold4_room8_mix005,32.5,32.9,1
194,fold4_room8_mix005,33.5,35.4,1
195,fold4_room8_mix005,35.5,38.4,0
196,fold4_room8_mix005,39.5,42.4,0
197,fold4_room8_mix005,43.5,43.9,0
198,fold4_room8_mix005,45.5,47.9,1
199,fold4_room8_mix005,49.5,51.9,0
200,fold4_room8_mix005,53.0,56.4,0
201,fold4_room8_mix005,57.0,57.9,1
202,fold4_room8_mix005,58.5,59.4,0
203,fold4_room8_mix005,59.5,60.9,1
204,fold4_room8_mix005,61.0,63.9,0
205,fold4_room8_mix005,64.5,73.9,1
206,fold4_room8_mix005,75.0,80.4,0
207,fold4_room8_mix005,81.5,90.9,1
208,fold4_room8_mix005,92.5,93.9,1
209,fold4_room8_mix005,95.0,104.9,1
210,fold4_room8_mix005,105.5,114.9,1
211,fold4_room8_mix005,116.0,116.9,0
212,fold4_room8_mix005,117.5,119.9,1
213,fold4_room8_mix005,122.0,129.4,1
214,fold4_room8_mix005,130.0,138.9,1
215,fold4_room8_mix005,139.5,143.9,1
216,fold4_room8_mix005,145.5,145.9,0
217,fold4_room8_mix005,149.5,150.9,1
218,fold4_room8_mix005,152.5,153.4,1
219,fold4_room8_mix005,155.0,159.4,1
220,fold4_room8_mix005,160.5,162.4,1
221,fold4_room8_mix005,163.5,164.4,1
222,fold4_room2_mix006,1.0,10.0,1
223,fold4_room2_mix006,10.5,18.4,1
224,fold4_room2_mix006,19.0,126.7,1
225,fold4_room2_mix006,127.5,137.4,1
226,fold4_room2_mix006,138.0,158.9,1
227,fold4_room2_mix006,159.5,182.9,1
228,fold4_room2_mix006,183.5,274.4,1
229,fold4_room2_mix006,275.5,346.9,1
230,fold4_room2_mix004,3.0,5.2,0
231,fold4_room2_mix004,5.5,8.4,1
232,fold4_room2_mix004,8.8,9.9,0
233,fold4_room2_mix004,10.5,12.5,1
234,fold4_room2_mix004,13.0,14.4,0
235,fold4_room2_mix004,14.7,17.1,1
236,fold4_room2_mix004,17.5,26.6,0
237,fold4_room2_mix004,28.0,38.6,1
238,fold4_room2_mix004,39.3,47.7,0
239,fold4_room2_mix004,48.0,54.7,1
240,fold4_room2_mix004,57.0,61.9,0
241,fold4_room2_mix004,63.5,65.1,0
242,fold4_room2_mix004,66.5,67.9,0
243,fold4_room2_mix004,68.3,69.9,1
244,fold4_room2_mix004,70.9,71.4,0
245,fold4_room2_mix004,72.0,72.4,1
246,fold4_room2_mix004,73.0,78.3,0
247,fold4_room2_mix004,79.6,83.4,1
248,fold4_room2_mix004,84.8,85.7,0
249,fold4_room2_mix004,99.0,99.4,0
250,fold4_room2_mix004,101.4,106.2,0
251,fold4_room2_mix004,107.9,110.0,0
252,fold4_room2_mix004,111.6,116.0,0
253,fold4_room2_mix004,117.0,119.9,0
254,fold4_room2_mix004,121.5,124.3,0
255,fold4_room2_mix004,124.5,128.4,1
256,fold4_room2_mix004,128.8,131.9,0
257,fold4_room2_mix004,132.5,135.3,1
258,fold4_room2_mix004,136.3,140.7,0
259,fold4_room2_mix004,141.3,145.6,1
260,fold4_room2_mix004,146.4,147.9,0
261,fold4_room2_mix004,148.8,150.4,0
262,fold4_room2_mix004,150.5,152.4,1
263,fold4_room2_mix004,153.2,155.6,0
264,fold4_room2_mix004,156.5,158.4,0
265,fold4_room2_mix004,158.7,159.8,1
266,fold4_room2_mix004,160.2,161.4,0
267,fold4_room2_mix004,161.9,163.6,1
268,fold4_room2_mix004,164.0,165.9,0
269,fold4_room2_mix004,166.6,167.4,1
270,fold4_room8_mix003,3.5,11.9,1
271,fold4_room8_mix003,13.0,16.9,1
272,fold4_room8_mix003,19.0,19.4,1
273,fold4_room8_mix003,20.0,23.9,1
274,fold4_room8_mix003,24.5,37.4,1
275,fold4_room8_mix003,39.0,49.4,1
276,fold4_room8_mix003,60.0,64.9,1
277,fold4_room8_mix003,78.5,85.9,1
278,fold4_room8_mix003,87.0,87.9,1
279,fold4_room8_mix003,90.5,103.4,1
280,fold4_room8_mix003,104.0,110.9,1
281,fold4_room8_mix003,112.0,118.4,1
282,fold4_room8_mix003,202.5,203.4,2
283,fold4_room8_mix003,204.5,205.4,2
284,fold4_room8_mix008,4.5,19.4,1
285,fold4_room8_mix008,20.0,26.4,1
286,fold4_room8_mix008,27.0,30.9,0
287,fold4_room8_mix008,34.0,46.9,1
288,fold4_room8_mix008,48.5,49.9,1
289,fold4_room8_mix008,62.5,63.9,1
290,fold4_room8_mix008,64.5,67.9,1
291,fold4_room8_mix008,87.5,90.4,0
292,fold4_room8_mix008,93.0,93.4,0
293,fold4_room8_mix008,161.0,162.9,2
294,fold4_room8_mix009,4.0,15.4,1
295,fold4_room8_mix009,16.5,40.4,1
296,fold4_room8_mix009,41.5,51.4,1
297,fold4_room8_mix009,51.5,51.9,0
298,fold4_room8_mix009,52.5,72.4,1
299,fold4_room8_mix009,73.0,76.4,1
300,fold4_room8_mix009,79.0,83.9,1
301,fold4_room8_mix009,85.0,89.9,1
302,fold4_room8_mix009,91.0,96.4,1
303,fold4_room8_mix009,98.0,128.4,1
304,fold4_room8_mix009,129.0,134.4,1
305,fold4_room8_mix009,135.5,139.4,1
306,fold4_room8_mix009,140.0,144.4,1
307,fold4_room8_mix009,146.0,147.9,1
308,fold4_room8_mix009,149.0,153.9,1
309,fold4_room8_mix009,154.5,169.9,1
310,fold4_room8_mix009,177.5,180.9,0
311,fold4_room8_mix009,182.0,182.4,0
312,fold4_room8_mix009,184.0,185.4,0
313,fold4_room8_mix009,187.5,193.4,0
314,fold4_room8_mix009,196.0,196.9,0
315,fold4_room8_mix009,198.5,199.4,0
316,fold4_room8_mix009,203.5,207.9,0
317,fold4_room8_mix009,209.5,215.4,0
318,fold4_room8_mix009,217.5,230.4,0
319,fold4_room8_mix009,233.5,234.4,0
320,fold4_room8_mix009,235.0,235.9,1
321,fold4_room8_mix009,237.0,239.9,1
322,fold4_room8_mix009,240.0,262.9,0
323,fold4_room8_mix009,264.5,270.9,0
324,fold4_room8_mix009,272.0,273.4,0
325,fold4_room8_mix009,276.5,282.4,1
326,fold4_room8_mix009,282.5,286.9,0
327,fold4_room8_mix009,288.0,291.4,0
328,fold4_room8_mix009,295.5,295.9,0
329,fold4_room8_mix009,296.0,301.4,1
330,fold4_room8_mix009,302.0,302.4,1
331,fold4_room8_mix009,303.5,309.4,0
332,fold4_room8_mix009,311.0,314.9,0
333,fold4_room8_mix009,318.0,322.4,1
334,fold4_room8_mix009,326.0,327.4,0
335,fold4_room8_mix009,330.0,333.4,0
336,fold4_room8_mix009,334.0,335.4,1
337,fold4_room8_mix009,335.5,337.9,0
338,fold4_room8_mix009,340.0,342.9,1
339,fold4_room8_mix009,343.5,347.4,1
340,fold4_room8_mix009,348.0,353.4,1
341,fold4_room8_mix009,355.5,355.9,1
342,fold4_room8_mix006,0.5,14.9,1
343,fold4_room8_mix006,15.0,19.9,0
344,fold4_room8_mix006,20.5,22.4,1
345,fold4_room8_mix006,23.0,23.4,0
346,fold4_room8_mix006,23.5,24.4,1
347,fold4_room8_mix006,206.0,210.4,1
348,fold4_room8_mix006,212.0,220.4,1
349,fold4_room8_mix006,222.5,223.4,1
350,fold4_room10_mix007,86.0,88.4,1
351,fold4_room10_mix007,93.5,95.9,1
352,fold4_room10_mix007,99.0,99.9,2
353,fold4_room10_mix007,100.0,105.9,1
354,fold4_room10_mix007,109.0,112.9,1
355,fold4_room10_mix007,115.5,118.9,1
356,fold4_room10_mix007,122.5,125.4,1
357,fold4_room10_mix007,130.0,130.9,1
358,fold4_room10_mix007,134.5,136.9,1
359,fold4_room10_mix007,138.0,138.9,1
360,fold4_room8_mix004,4.5,12.9,1
361,fold4_room8_mix004,13.5,16.9,0
362,fold4_room8_mix004,18.5,20.9,1
363,fold4_room8_mix004,21.5,27.9,1
364,fold4_room8_mix004,29.5,29.9,0
365,fold4_room8_mix004,100.5,102.4,2
366,fold4_room2_mix001,3.6,5.1,0
367,fold4_room2_mix001,5.3,6.0,1
368,fold4_room2_mix001,6.7,7.3,0
369,fold4_room2_mix001,7.7,9.9,1
370,fold4_room2_mix001,10.4,13.1,0
371,fold4_room2_mix001,15.2,15.7,1
372,fold4_room2_mix001,16.1,16.6,0
373,fold4_room2_mix001,17.1,19.6,1
374,fold4_room2_mix001,19.8,26.1,0
375,fold4_room2_mix001,26.3,27.1,1
376,fold4_room2_mix001,27.5,28.7,0
377,fold4_room2_mix001,29.1,32.9,1
378,fold4_room2_mix001,33.8,35.2,1
379,fold4_room2_mix001,36.0,36.9,1
380,fold4_room2_mix001,37.2,39.4,0
381,fold4_room2_mix001,39.6,46.9,1
382,fold4_room2_mix001,48.0,48.8,0
383,fold4_room2_mix001,57.5,62.7,1
384,fold4_room2_mix001,64.2,73.7,1
385,fold4_room2_mix001,75.3,80.2,1
386,fold4_room2_mix001,81.7,83.4,1
387,fold4_room2_mix001,85.2,85.8,1
388,fold4_room2_mix001,86.5,90.3,0
389,fold4_room2_mix001,90.5,92.2,1
390,fold4_room2_mix001,92.4,95.7,0
391,fold4_room2_mix001,95.8,96.2,1
392,fold4_room2_mix001,96.7,98.5,1
393,fold4_room2_mix001,99.8,103.3,1
394,fold4_room2_mix001,103.4,113.8,0
395,fold4_room2_mix001,114.1,118.7,1
396,fold4_room2_mix001,120.0,124.4,0
397,fold4_room2_mix001,125.8,125.9,1
398,fold4_room2_mix001,127.2,130.6,1
399,fold4_room2_mix001,133.5,133.7,0
400,fold4_room2_mix001,134.7,137.7,0
401,fold4_room2_mix001,138.3,140.3,1
402,fold4_room2_mix001,141.5,142.8,0
403,fold4_room2_mix001,143.5,144.1,1
404,fold4_room10_mix004,7.0,7.4,1
405,fold4_room10_mix004,12.0,12.9,1
406,fold4_room10_mix004,14.5,15.4,1
407,fold4_room10_mix004,19.5,21.4,1
408,fold4_room10_mix004,24.5,26.9,1
409,fold4_room10_mix004,29.0,29.9,1
410,fold4_room10_mix004,32.5,34.9,1
411,fold4_room10_mix004,37.0,38.4,1
412,fold4_room10_mix004,42.5,43.9,1
413,fold4_room10_mix004,48.0,48.4,1
414,fold4_room10_mix004,50.5,51.4,1
415,fold4_room10_mix004,53.0,54.4,1
416,fold4_room10_mix004,57.0,57.4,1
417,fold4_room10_mix004,60.5,61.4,1
418,fold4_room10_mix004,65.5,68.4,1
419,fold4_room10_mix004,70.0,72.4,1
420,fold4_room10_mix004,79.0,79.9,1
421,fold4_room10_mix004,81.5,82.4,1
422,fold4_room10_mix004,86.0,86.9,1
423,fold4_room10_mix004,90.5,92.9,1
424,fold4_room10_mix004,94.0,94.9,1
425,fold4_room10_mix004,96.5,99.4,1
426,fold4_room10_mix004,100.5,102.4,1
427,fold4_room10_mix004,103.5,108.9,1
428,fold4_room10_mix002,136.5,137.4,1
429,fold4_room10_mix002,138.5,139.9,1
430,fold3_room21_mix014,37.0,39.2,1
431,fold3_room21_mix014,39.8,43.0,1
432,fold3_room21_mix014,43.5,44.1,1
433,fold3_room22_mix004,0.2,3.0,1
434,fold3_room22_mix004,3.8,4.2,0
435,fold3_room22_mix004,4.5,5.3,1
436,fold3_room22_mix004,6.7,7.0,6
437,fold3_room22_mix004,13.2,13.4,6
438,fold3_room22_mix004,13.5,15.2,1
439,fold3_room22_mix004,15.5,20.0,0
440,fold3_room22_mix004,22.6,26.1,1
441,fold3_room22_mix004,27.0,32.0,1
442,fold3_room22_mix004,33.0,35.4,1
443,fold3_room22_mix004,37.1,37.1,1
444,fold3_room22_mix004,39.2,42.3,0
445,fold3_room22_mix004,42.9,46.8,0
446,fold3_room22_mix004,47.3,50.4,0
447,fold3_room22_mix004,51.7,53.4,0
448,fold3_room22_mix004,53.9,57.0,0
449,fold3_room22_mix004,66.2,67.0,1
450,fold3_room22_mix004,70.5,72.6,1
451,fold3_room22_mix004,72.7,72.9,0
452,fold3_room22_mix004,74.2,74.3,1
453,fold3_room22_mix004,76.1,78.1,0
454,fold3_room22_mix004,80.1,84.3,0
455,fold3_room22_mix004,84.8,86.2,0
456,fold3_room22_mix004,86.7,89.8,0
457,fold3_room22_mix004,93.5,94.7,1
458,fold3_room22_mix004,96.5,98.3,0
459,fold3_room22_mix004,98.8,99.7,0
460,fold3_room22_mix004,99.9,101.3,1
461,fold3_room22_mix004,101.8,102.2,0
462,fold3_room21_mix024,0.6,38.9,5
463,fold3_room21_mix024,43.0,50.4,5
464,fold3_room21_mix024,58.8,61.8,5
465,fold3_room21_mix024,62.7,64.8,5
466,fold3_room21_mix024,66.4,68.0,5
467,fold3_room21_mix024,68.7,70.1,5
468,fold3_room21_mix024,70.7,72.8,5
469,fold3_room21_mix024,74.0,74.9,5
470,fold3_room21_mix024,77.7,79.6,5
471,fold3_room21_mix024,81.3,82.7,1
472,fold3_room21_mix022,0.3,4.4,1
473,fold3_room21_mix022,5.1,5.7,1
474,fold3_room21_mix022,8.6,8.8,1
475,fold3_room21_mix022,9.0,9.7,1
476,fold3_room21_mix022,10.2,12.0,1
477,fold3_room21_mix022,13.1,17.3,1
478,fold3_room21_mix022,24.7,24.8,1
479,fold3_room21_mix022,27.6,31.1,1
480,fold3_room21_mix022,37.0,37.3,1
481,fold3_room21_mix022,37.6,39.0,1
482,fold3_room21_mix022,44.5,45.8,1
483,fold3_room21_mix022,49.8,51.1,1
484,fold3_room21_mix022,51.7,51.8,1
485,fold3_room21_mix022,55.0,55.3,1
486,fold3_room21_mix022,65.5,65.6,1
487,fold3_room21_mix022,66.7,68.2,1
488,fold3_room21_mix022,69.3,69.6,2
489,fold3_room21_mix022,70.5,70.8,2
490,fold3_room21_mix022,71.8,72.7,2
491,fold3_room21_mix022,73.2,73.8,1
492,fold3_room21_mix022,74.9,75.2,1
493,fold3_room21_mix022,75.6,77.0,1
494,fold3_room21_mix022,78.4,79.0,1
495,fold3_room21_mix022,103.8,117.0,1
496,fold3_room21_mix022,123.3,125.1,1
497,fold3_room21_mix022,125.8,131.5,1
498,fold3_room21_mix022,135.9,136.4,1
499,fold3_room21_mix022,139.6,140.2,1
500,fold3_room21_mix022,140.4,140.6,1
501,fold3_room21_mix022,143.8,143.9,1
502,fold3_room21_mix022,144.8,145.0,2
503,fold3_room21_mix022,145.6,149.6,1
504,fold3_room21_mix022,151.0,154.2,1
505,fold3_room21_mix022,160.1,161.9,1
506,fold3_room21_mix022,164.0,164.8,1
507,fold3_room21_mix022,170.0,170.6,1
508,fold3_room21_mix022,171.1,173.9,1
509,fold3_room21_mix015,61.6,64.0,1
510,fold3_room21_mix015,65.2,72.2,1
511,fold3_room21_mix023,0.7,10.7,5
512,fold3_room21_mix023,15.2,29.6,5
513,fold3_room21_mix023,32.8,58.2,5
514,fold3_room21_mix023,63.9,64.8,5
515,fold3_room21_mix023,65.2,66.5,5
516,fold3_room21_mix023,67.9,69.1,5
517,fold3_room21_mix023,70.4,71.6,5
518,fold3_room21_mix023,74.3,75.3,5
519,fold3_room21_mix023,75.5,75.9,1
520,fold3_room21_mix023,77.2,77.6,1
521,fold3_room21_mix023,79.5,81.0,1
522,fold3_room21_mix023,81.6,82.4,1
523,fold3_room21_mix023,83.4,83.8,5
524,fold3_room21_mix023,89.9,91.0,5
525,fold3_room21_mix023,91.8,93.2,5
526,fold3_room21_mix023,96.1,96.1,5
527,fold3_room21_mix023,97.3,98.9,1
528,fold3_room21_mix023,100.7,102.7,1
529,fold3_room21_mix023,104.0,105.0,1
530,fold3_room21_mix023,106.8,109.4,5
531,fold3_room21_mix029,123.5,123.7,5
532,fold3_room21_mix029,124.9,125.6,5
533,fold3_room21_mix029,125.9,130.9,5
534,fold3_room21_mix020,1.2,15.2,5
535,fold3_room21_mix020,15.7,16.1,5
536,fold3_room21_mix020,16.7,17.4,1
537,fold3_room21_mix020,22.7,23.5,1
538,fold3_room21_mix020,23.8,31.8,1
539,fold3_room21_mix020,32.0,35.0,5
540,fold3_room21_mix020,37.7,69.3,5
541,fold3_room21_mix020,100.1,114.0,5
542,fold3_room21_mix020,115.3,123.2,5
543,fold3_room21_mix020,125.5,127.1,1
544,fold3_room21_mix002,0.9,3.8,1
545,fold3_room21_mix002,5.2,7.7,1
546,fold3_room21_mix002,8.6,11.0,1
547,fold3_room21_mix002,13.2,16.7,1
548,fold3_room21_mix002,17.9,18.8,1
549,fold3_room21_mix002,19.1,19.5,1
550,fold3_room21_mix002,20.1,24.2,1
551,fold3_room21_mix002,25.5,31.4,1
552,fold3_room21_mix002,32.7,34.4,1
553,fold3_room21_mix002,35.2,35.8,1
554,fold3_room21_mix002,36.6,42.7,1
555,fold3_room21_mix002,43.0,43.6,1
556,fold3_room21_mix002,46.4,48.5,1
557,fold3_room21_mix002,50.0,50.9,1
558,fold3_room21_mix002,51.8,53.3,1
559,fold3_room21_mix002,55.2,56.4,1
560,fold3_room21_mix002,57.8,59.4,1
561,fold3_room21_mix002,64.2,66.9,1
562,fold3_room21_mix002,67.8,68.2,1
563,fold3_room21_mix002,69.8,70.2,1
564,fold3_room21_mix002,71.6,72.6,1
565,fold3_room21_mix002,73.9,74.9,1
566,fold3_room21_mix002,83.0,85.4,1
567,fold3_room21_mix002,85.7,88.4,1
568,fold3_room21_mix002,89.8,90.6,1
569,fold3_room21_mix002,93.1,93.4,1
570,fold3_room21_mix002,96.8,99.0,1
571,fold3_room21_mix002,99.3,99.7,1
572,fold3_room21_mix002,100.7,102.5,1
573,fold3_room21_mix002,104.9,106.2,1
574,fold3_room21_mix002,108.0,109.9,1
575,fold3_room21_mix002,112.2,113.8,1
576,fold3_room21_mix002,118.7,119.7,1
577,fold3_room21_mix002,121.7,124.7,1
578,fold3_room21_mix002,125.3,125.9,1
579,fold3_room21_mix002,126.1,126.6,1
580,fold3_room21_mix002,130.2,131.7,1
581,fold3_room21_mix002,134.3,135.1,1
582,fold3_room21_mix002,135.3,135.4,1
583,fold3_room21_mix002,136.3,136.7,1
584,fold3_room21_mix002,136.9,137.3,1
585,fold3_room21_mix002,137.8,138.7,1
586,fold3_room21_mix008,0.3,0.9,1
587,fold3_room21_mix008,2.5,3.5,1
588,fold3_room21_mix008,5.1,6.4,1
589,fold3_room21_mix008,7.0,8.8,1
590,fold3_room21_mix008,21.5,23.9,1
591,fold3_room21_mix008,25.4,26.0,1
592,fold3_room21_mix008,28.5,29.7,1
593,fold3_room21_mix008,31.1,33.2,1
594,fold3_room21_mix008,34.8,38.3,1
595,fold3_room21_mix008,39.5,41.8,1
596,fold3_room21_mix008,42.3,44.8,1
597,fold3_room21_mix008,58.4,62.9,1
598,fold3_room21_mix008,64.1,65.4,1
599,fold3_room21_mix008,66.2,67.4,1
600,fold3_room21_mix008,68.6,71.4,1
601,fold3_room21_mix008,71.9,72.9,1
602,fold3_room21_mix008,75.3,76.8,1
603,fold3_room21_mix008,78.2,80.4,1
604,fold3_room21_mix008,80.9,81.7,1
605,fold3_room21_mix008,84.1,87.6,1
606,fold3_room21_mix008,88.0,90.9,1
607,fold3_room21_mix008,93.6,96.8,1
608,fold3_room21_mix008,97.3,100.5,1
609,fold3_room21_mix008,102.3,103.1,1
610,fold3_room21_mix008,104.4,107.3,1
611,fold3_room21_mix008,109.6,113.6,1
612,fold3_room21_mix008,114.9,119.2,1
613,fold3_room21_mix008,121.7,122.3,1
614,fold3_room21_mix008,125.6,126.4,1
615,fold3_room21_mix008,129.7,131.9,1
616,fold3_room21_mix008,133.0,145.3,1
617,fold3_room21_mix008,146.0,146.0,1
618,fold3_room21_mix008,146.6,150.3,1
619,fold3_room21_mix008,150.5,151.3,1
620,fold3_room21_mix008,152.0,153.2,1
621,fold3_room21_mix016,0.1,3.2,1
622,fold3_room21_mix016,3.5,5.4,1
623,fold3_room21_mix016,6.8,7.3,1
624,fold3_room21_mix016,9.1,14.1,1
625,fold3_room21_mix016,15.9,17.1,1
626,fold3_room21_mix016,18.6,21.4,1
627,fold3_room21_mix016,22.3,23.2,1
628,fold3_room21_mix016,24.5,25.6,1
629,fold3_room21_mix016,27.8,30.2,1
630,fold3_room21_mix016,31.4,33.5,1
631,fold3_room21_mix016,48.2,48.8,1
632,fold3_room21_mix016,50.7,51.7,1
633,fold3_room21_mix016,52.8,53.2,1
634,fold3_room21_mix016,55.3,62.0,1
635,fold3_room21_mix016,71.1,73.7,1
636,fold3_room21_mix026,45.4,54.4,5
637,fold3_room21_mix026,148.3,159.5,5
638,fold3_room21_mix026,258.2,259.6,1
639,fold3_room21_mix017,5.1,6.8,1
640,fold3_room21_mix017,9.0,10.1,1
641,fold3_room21_mix017,11.7,13.6,1
642,fold3_room21_mix017,14.7,19.9,1
643,fold3_room21_mix017,110.8,112.7,1
644,fold3_room21_mix017,119.6,125.7,1
645,fold3_room21_mix027,3.5,5.0,5
646,fold3_room21_mix027,7.8,13.2,5
647,fold3_room21_mix027,14.1,15.0,5
648,fold3_room21_mix027,17.8,18.1,5
649,fold3_room21_mix027,19.2,21.4,5
650,fold3_room21_mix027,22.5,28.0,5
651,fold3_room21_mix027,29.1,29.4,5
652,fold3_room21_mix027,30.5,36.2,5
653,fold3_room21_mix027,38.4,46.2,5
654,fold3_room21_mix027,49.1,51.0,5
655,fold3_room21_mix027,54.3,60.0,5
656,fold3_room21_mix027,63.7,66.4,5
657,fold3_room21_mix027,69.5,75.4,5
658,fold3_room21_mix027,78.8,80.7,5
659,fold3_room21_mix027,84.7,97.6,5
660,fold3_room21_mix027,99.4,105.3,5
661,fold3_room21_mix027,109.4,111.2,5
662,fold3_room22_mix001,7.0,7.8,1
663,fold3_room22_mix001,8.4,9.2,6
664,fold3_room22_mix001,9.5,11.8,1
665,fold3_room22_mix001,12.4,13.8,1
666,fold3_room22_mix001,14.8,19.4,6
667,fold3_room22_mix001,21.9,29.1,6
668,fold3_room22_mix001,29.3,29.8,1
669,fold3_room22_mix001,30.4,31.6,0
670,fold3_room22_mix001,31.9,33.5,1
671,fold3_room22_mix001,34.6,36.4,1
672,fold3_room22_mix001,39.7,41.0,0
673,fold3_room22_mix001,41.6,42.9,0
674,fold3_room22_mix001,43.5,43.9,0
675,fold3_room22_mix001,45.0,45.2,1
676,fold3_room22_mix001,46.5,48.1,1
677,fold3_room22_mix001,48.9,50.6,0
678,fold3_room22_mix001,51.2,52.8,1
679,fold3_room22_mix001,53.9,55.4,1
680,fold3_room22_mix001,56.5,58.8,1
681,fold3_room22_mix001,69.1,71.1,1
682,fold3_room22_mix001,71.3,71.4,0
683,fold3_room22_mix001,72.2,72.9,1
684,fold3_room22_mix001,73.4,73.7,0
685,fold3_room21_mix007,25.4,27.1,1
686,fold3_room21_mix007,29.1,32.8,1
687,fold3_room21_mix007,33.2,33.9,1
688,fold3_room21_mix007,36.2,37.4,1
689,fold3_room22_mix011,4.6,6.8,6
690,fold3_room22_mix011,7.2,9.4,1
691,fold3_room22_mix011,10.8,12.2,1
692,fold3_room22_mix011,13.2,13.3,0
693,fold3_room22_mix011,18.7,19.7,0
694,fold3_room22_mix011,31.0,34.7,0
695,fold3_room22_mix011,36.9,39.4,0
696,fold3_room22_mix011,41.4,43.1,1
697,fold3_room22_mix011,45.4,45.9,0
698,fold3_room22_mix011,50.7,50.9,0
699,fold3_room22_mix011,54.5,56.2,1
700,fold3_room22_mix011,58.4,59.5,1
701,fold3_room22_mix011,60.3,61.0,0
702,fold3_room22_mix011,61.2,63.0,1
703,fold3_room22_mix011,66.2,68.2,1
704,fold3_room22_mix011,73.3,75.4,1
705,fold3_room22_mix011,76.3,76.6,1
706,fold3_room22_mix011,79.3,80.1,1
707,fold3_room22_mix011,83.6,85.7,1
708,fold3_room22_mix011,86.0,86.5,1
709,fold3_room22_mix011,86.7,86.7,0
710,fold3_room22_mix011,88.8,88.9,0
711,fold3_room22_mix011,90.6,91.8,1
712,fold3_room22_mix011,93.5,97.2,1
713,fold3_room22_mix011,102.4,103.4,1
714,fold3_room22_mix011,105.8,106.1,1
715,fold3_room22_mix011,113.5,115.9,1
716,fold3_room22_mix011,120.2,120.2,1
717,fold3_room22_mix011,120.6,125.2,1
718,fold3_room22_mix011,125.6,127.8,1
719,fold3_room22_mix011,141.4,142.1,1
720,fold3_room22_mix011,142.3,142.3,0
721,fold3_room22_mix011,147.0,148.4,1
722,fold3_room22_mix011,151.1,151.5,1
723,fold3_room22_mix011,152.2,153.3,0
724,fold3_room22_mix011,156.0,157.4,1
725,fold3_room22_mix011,157.7,157.8,0
726,fold3_room22_mix011,159.3,159.5,1
727,fold3_room22_mix011,163.3,164.6,1
728,fold3_room22_mix011,165.3,165.9,1
729,fold3_room22_mix011,167.7,168.2,1
730,fold3_room22_mix011,173.6,173.7,1
731,fold3_room22_mix011,174.7,175.0,0
732,fold3_room22_mix011,176.0,178.4,1
733,fold3_room22_mix011,178.9,180.0,0
734,fold3_room22_mix011,181.9,182.7,0
735,fold3_room22_mix011,183.0,183.8,1
736,fold3_room22_mix011,183.9,184.0,0
737,fold3_room21_mix005,1.2,2.6,1
738,fold3_room21_mix005,2.9,7.2,1
739,fold3_room21_mix005,8.1,9.6,1
740,fold3_room21_mix005,10.6,11.0,1
741,fold3_room21_mix005,11.4,11.9,1
742,fold3_room21_mix005,12.9,14.8,1
743,fold3_room21_mix005,16.0,19.2,1
744,fold3_room21_mix005,20.1,23.8,1
745,fold3_room21_mix005,24.8,25.3,1
746,fold3_room21_mix005,25.6,29.7,1
747,fold3_room21_mix005,30.4,47.3,1
748,fold3_room21_mix005,48.3,50.8,1
749,fold3_room21_mix005,51.0,51.5,1
750,fold3_room21_mix005,52.1,54.7,1
751,fold3_room21_mix005,55.0,67.1,1
752,fold3_room21_mix006,0.1,13.6,1
753,fold3_room21_mix006,14.1,19.3,1
754,fold3_room21_mix006,19.9,20.7,1
755,fold3_room21_mix006,21.1,21.6,1
756,fold3_room21_mix006,24.1,31.7,1
757,fold3_room21_mix006,32.4,37.8,1
758,fold3_room22_mix010,3.1,3.6,6
759,fold3_room22_mix010,4.3,5.8,0
760,fold3_room22_mix010,6.0,6.8,1
761,fold3_room22_mix010,7.7,7.7,0
762,fold3_room22_mix010,10.1,10.2,10
763,fold3_room22_mix010,12.8,14.7,6
764,fold3_room22_mix010,30.0,33.1,1
765,fold3_room22_mix010,34.3,34.7,0
766,fold3_room22_mix010,35.3,36.0,0
767,fold3_room22_mix010,36.2,38.8,1
768,fold3_room22_mix010,52.8,53.9,1
769,fold3_room22_mix010,54.8,57.1,1
770,fold3_room22_mix010,59.4,59.8,1
771,fold3_room22_mix010,60.3,66.8,1
772,fold3_room22_mix010,67.2,70.4,1
773,fold3_room22_mix010,71.8,72.4,1
774,fold3_room22_mix010,72.6,73.0,1
775,fold3_room22_mix010,79.3,80.8,1
776,fold3_room22_mix010,86.3,87.1,0
777,fold3_room22_mix010,88.1,88.2,0
778,fold3_room22_mix010,88.8,89.3,1
779,fold3_room22_mix010,89.5,89.9,0
780,fold3_room22_mix010,95.1,96.0,1
781,fold3_room22_mix010,98.8,99.0,1
782,fold3_room22_mix010,100.3,102.5,1
783,fold3_room22_mix010,104.2,105.1,1
784,fold3_room22_mix010,106.1,106.6,0
785,fold3_room22_mix010,110.1,113.2,1
786,fold3_room22_mix010,115.0,115.5,1
787,fold3_room22_mix010,120.3,121.0,1
788,fold3_room22_mix010,124.5,126.5,1
789,fold3_room22_mix010,146.8,147.3,1
790,fold3_room22_mix010,147.8,148.3,1
791,fold3_room22_mix010,151.5,152.1,1
792,fold3_room22_mix010,152.4,154.1,0
793,fold3_room22_mix010,157.9,159.4,1
794,fold3_room22_mix010,160.1,161.0,0
795,fold3_room22_mix010,161.2,162.2,1
796,fold3_room22_mix010,164.2,164.5,1
797,fold3_room22_mix010,165.1,165.7,0
798,fold3_room22_mix010,166.5,167.1,1
799,fold3_room22_mix010,168.7,169.1,0
800,fold3_room22_mix010,170.4,171.9,0
801,fold3_room22_mix010,173.1,173.2,0
802,fold3_room22_mix010,174.2,174.6,1
803,fold3_room22_mix010,175.4,176.0,0
804,fold3_room22_mix010,176.6,177.1,1
805,fold3_room22_mix010,178.6,178.6,1
806,fold3_room22_mix010,179.8,181.1,1
807,fold3_room22_mix010,182.1,182.3,1
808,fold3_room22_mix010,183.3,184.9,1
809,fold3_room22_mix010,186.6,186.8,1
810,fold3_room22_mix010,188.2,188.2,0
811,fold3_room22_mix010,188.6,189.2,0
812,fold3_room22_mix010,199.8,200.0,1
813,fold3_room22_mix010,200.6,200.7,0
814,fold3_room22_mix010,203.0,203.2,1
815,fold3_room22_mix010,203.4,203.9,1
816,fold3_room22_mix010,205.4,205.5,1
817,fold3_room22_mix010,207.2,207.2,1
818,fold3_room22_mix010,207.6,210.3,1
819,fold3_room22_mix010,213.7,213.7,1
820,fold3_room22_mix010,214.6,214.6,1
821,fold3_room22_mix010,218.4,218.9,0
822,fold3_room22_mix010,220.6,221.0,0
823,fold3_room21_mix009,49.0,51.0,5
824,fold3_room21_mix009,53.2,58.2,5
825,fold3_room21_mix018,0.1,0.8,5
826,fold3_room21_mix018,1.8,3.6,5
827,fold3_room21_mix018,4.6,8.2,5
828,fold3_room21_mix018,8.8,11.4,5
829,fold3_room21_mix018,12.3,12.4,5
830,fold3_room21_mix018,13.4,13.9,5
831,fold3_room21_mix018,14.9,16.6,5
832,fold3_room21_mix018,17.3,20.1,5
833,fold3_room21_mix018,21.7,21.7,5
834,fold3_room21_mix018,25.4,39.1,5
835,fold3_room21_mix018,43.8,47.4,5
836,fold3_room21_mix018,50.8,53.1,5
837,fold3_room21_mix018,60.2,61.1,5
838,fold3_room21_mix018,62.6,74.9,5
839,fold3_room21_mix018,76.2,77.5,5
840,fold3_room21_mix018,78.6,80.6,5
841,fold3_room21_mix018,81.9,83.1,5
842,fold3_room21_mix018,86.7,87.0,5
843,fold3_room21_mix018,92.3,92.3,5
844,fold3_room21_mix018,93.7,98.3,5
845,fold3_room21_mix018,99.4,101.0,5
846,fold3_room21_mix018,102.3,104.0,5
847,fold3_room21_mix018,105.5,107.5,5
848,fold3_room21_mix018,112.5,118.3,5
849,fold3_room21_mix018,121.2,121.4,5
850,fold3_room21_mix018,129.3,129.9,5
851,fold3_room21_mix019,0.1,0.8,5
852,fold3_room21_mix019,1.8,4.0,5
853,fold3_room21_mix019,17.3,18.8,5
854,fold3_room21_mix019,27.5,31.6,5
855,fold3_room21_mix019,34.8,38.4,5
856,fold3_room21_mix019,41.4,41.8,5
857,fold3_room21_mix019,48.6,48.9,5
858,fold3_room22_mix003,4.5,4.9,1
859,fold3_room22_mix003,5.3,9.2,1
860,fold3_room22_mix003,10.0,11.0,1
861,fold3_room22_mix003,12.5,13.3,6
862,fold3_room22_mix003,18.8,19.0,6
863,fold3_room22_mix003,26.6,30.7,0
864,fold3_room22_mix003,31.5,34.2,0
865,fold3_room22_mix003,34.5,34.9,1
866,fold3_room22_mix003,35.6,39.4,0
867,fold3_room22_mix003,40.5,44.0,1
868,fold3_room22_mix003,45.7,51.7,0
869,fold3_room22_mix003,53.8,55.3,0
870,fold3_room22_mix003,55.8,59.8,1
871,fold3_room22_mix003,60.0,61.1,0
872,fold3_room22_mix003,61.4,63.5,1
873,fold3_room21_mix021,98.9,99.1,5
874,fold3_room21_mix021,101.4,102.2,5
875,fold3_room21_mix021,104.1,107.0,5
876,fold3_room21_mix003,11.2,13.4,1
877,fold3_room21_mix003,14.2,14.8,1
878,fold3_room21_mix003,16.1,17.5,1
879,fold3_room21_mix003,18.9,21.3,1
880,fold3_room21_mix003,22.9,23.5,1
881,fold3_room22_mix008,14.8,15.2,12
882,fold3_room22_mix008,16.3,16.9,1
883,fold3_room22_mix008,18.1,19.5,0
884,fold3_room22_mix008,20.6,23.3,5
885,fold3_room22_mix008,25.0,48.9,5
886,fold3_room22_mix008,49.8,50.9,5
887,fold3_room22_mix008,52.6,53.8,5
888,fold3_room22_mix008,54.2,54.5,6
889,fold3_room22_mix008,74.0,94.9,5
890,fold3_room21_mix025,16.6,19.2,5
891,fold3_room21_mix025,23.3,24.5,5
892,fold3_room21_mix025,25.2,26.3,5
893,fold3_room21_mix025,27.7,27.9,5
894,fold3_room21_mix025,180.4,184.6,5
895,fold3_room21_mix025,185.0,186.3,5
896,fold3_room21_mix025,187.4,189.7,5
897,fold3_room21_mix025,190.8,192.8,5
898,fold3_room21_mix028,0.1,1.7,5
899,fold3_room21_mix028,6.4,8.2,5
900,fold3_room21_mix028,13.5,17.1,5
901,fold3_room21_mix028,21.2,21.4,5
902,fold3_room21_mix028,22.3,22.6,5
903,fold3_room21_mix028,23.9,24.4,5
904,fold3_room21_mix028,27.7,32.4,5
905,fold3_room21_mix028,38.1,40.2,5
906,fold3_room21_mix028,43.4,47.5,5
907,fold3_room21_mix028,50.8,55.2,5
908,fold3_room21_mix028,58.5,62.3,5
909,fold3_room21_mix028,66.1,70.0,5
910,fold3_room21_mix028,73.5,78.0,5
911,fold3_room21_mix028,81.3,85.1,5
912,fold3_room21_mix028,87.7,93.1,5
913,fold3_room21_mix028,96.0,99.9,5
914,fold3_room21_mix001,1.2,2.7,1
915,fold3_room21_mix001,3.2,3.7,1
916,fold3_room21_mix001,5.7,12.2,1
917,fold3_room21_mix001,13.2,13.7,1
918,fold3_room21_mix001,14.8,16.3,1
919,fold3_room21_mix001,18.5,20.3,1
920,fold3_room21_mix001,20.9,22.7,1
921,fold3_room21_mix001,23.4,24.5,1
922,fold3_room21_mix001,25.5,30.1,1
923,fold3_room21_mix001,33.9,36.3,1
924,fold3_room21_mix001,37.6,41.5,1
925,fold3_room21_mix001,42.9,44.5,1
926,fold3_room21_mix001,45.8,47.4,1
927,fold3_room21_mix001,50.1,50.6,1
928,fold3_room21_mix001,51.9,52.7,1
929,fold3_room21_mix001,54.0,61.8,1
930,fold3_room21_mix001,63.3,69.3,1
931,fold3_room21_mix001,70.5,75.1,1
932,fold3_room21_mix001,76.3,78.1,1
933,fold3_room21_mix001,79.3,81.8,1
934,fold3_room21_mix001,82.5,85.6,1
935,fold3_room22_mix002,0.2,2.2,1
936,fold3_room22_mix002,2.5,4.6,1
937,fold3_room22_mix002,7.2,8.8,0
938,fold3_room22_mix002,10.3,10.8,1
939,fold3_room22_mix002,11.0,16.2,6
940,fold3_room22_mix002,21.0,23.1,6
941,fold3_room22_mix002,25.5,26.4,1
942,fold3_room22_mix002,27.1,27.4,0
943,fold3_room22_mix002,28.5,28.7,0
944,fold3_room22_mix002,29.6,30.5,1
945,fold3_room22_mix002,40.9,41.1,1
946,fold3_room22_mix002,42.8,45.8,1
947,fold3_room22_mix002,47.4,48.4,1
948,fold3_room22_mix002,49.6,50.3,1
949,fold3_room22_mix002,57.4,57.8,0
950,fold3_room22_mix002,62.3,64.6,1
951,fold3_room22_mix002,65.4,68.7,0
952,fold3_room22_mix002,69.3,70.7,1
953,fold3_room22_mix002,71.7,71.7,0
954,fold3_room22_mix002,72.4,73.2,0
955,fold3_room22_mix002,75.8,79.0,0
956,fold3_room22_mix002,79.8,82.3,0
957,fold3_room22_mix002,82.9,82.9,1
958,fold3_room22_mix002,84.5,85.0,0
959,fold3_room22_mix002,85.5,88.4,1
960,fold3_room22_mix002,88.7,91.2,0
961,fold3_room22_mix002,91.8,92.9,1
962,fold3_room22_mix002,93.2,93.5,1
963,fold3_room22_mix002,93.7,94.2,0
964,fold3_room22_mix002,94.6,96.2,1
965,fold3_room22_mix002,97.7,99.3,1
966,fold3_room22_mix002,100.2,106.1,0
967,fold3_room22_mix002,108.1,110.9,0
968,fold3_room22_mix002,111.2,113.1,1
969,fold3_room22_mix002,113.5,114.4,0
970,fold3_room22_mix002,116.3,118.1,0
971,fold3_room21_mix004,4.3,5.2,5
972,fold3_room21_mix004,7.5,7.5,5
973,fold3_room21_mix004,12.0,12.1,5
974,fold3_room21_mix004,12.8,12.9,5
975,fold3_room21_mix004,14.8,15.2,5
976,fold3_room21_mix004,21.8,22.9,5
977,fold3_room21_mix004,25.4,26.3,5
978,fold3_room21_mix012,47.7,47.8,1
979,fold3_room21_mix012,52.1,52.8,1
980,fold3_room21_mix012,53.2,57.5,1
981,fold3_room22_mix009,0.7,1.1,6
982,fold3_room22_mix009,3.2,3.6,0
983,fold3_room22_mix009,5.1,5.8,0
984,fold3_room22_mix009,6.0,8.0,6
985,fold3_room22_mix009,8.9,9.6,1
986,fold3_room22_mix009,11.8,15.2,1
987,fold3_room22_mix009,15.9,16.9,1
988,fold3_room22_mix009,18.6,19.4,0
989,fold3_room22_mix009,23.3,25.0,0
990,fold3_room22_mix009,25.4,26.0,1
991,fold3_room22_mix009,28.7,29.6,0
992,fold3_room22_mix009,36.6,40.1,0
993,fold3_room22_mix009,42.5,42.5,0
994,fold3_room22_mix009,42.8,42.9,0
995,fold3_room22_mix009,45.4,46.3,0
996,fold3_room22_mix009,52.8,52.8,1
997,fold3_room22_mix009,53.1,54.3,1
998,fold3_room22_mix009,63.3,63.6,1
999,fold3_room22_mix009,64.9,65.1,1
1000,fold3_room22_mix009,68.0,68.2,1
1001,fold3_room22_mix009,69.1,69.8,1
1002,fold3_room22_mix009,70.6,72.0,1
1003,fold3_room22_mix009,74.7,75.9,1
1004,fold3_room22_mix009,77.1,78.0,0
1005,fold3_room22_mix009,78.1,82.2,1
1006,fold3_room6_mix006,4.0,6.4,1
1007,fold3_room6_mix006,12.0,17.9,1
1008,fold3_room6_mix006,19.0,19.4,6
1009,fold3_room6_mix006,20.5,22.4,1
1010,fold3_room6_mix006,23.0,23.9,0
1011,fold3_room6_mix006,25.5,26.9,1
1012,fold3_room6_mix006,28.0,29.4,1
1013,fold3_room6_mix006,29.5,34.4,0
1014,fold3_room6_mix006,36.5,37.4,1
1015,fold3_room6_mix006,38.5,40.4,1
1016,fold3_room6_mix006,41.5,43.9,1
1017,fold3_room6_mix006,45.0,49.9,0
1018,fold3_room6_mix006,52.5,53.9,6
1019,fold3_room6_mix006,54.0,56.9,0
1020,fold3_room6_mix006,58.0,64.4,1
1021,fold3_room6_mix006,65.5,66.4,1
1022,fold3_room6_mix006,67.0,67.4,0
1023,fold3_room6_mix006,68.0,71.4,1
1024,fold3_room6_mix006,72.5,78.9,1
1025,fold3_room6_mix006,79.0,79.4,0
1026,fold3_room6_mix006,80.0,84.4,1
1027,fold3_room6_mix006,85.5,86.4,1
1028,fold3_room6_mix006,86.5,87.4,0
1029,fold3_room6_mix006,88.0,89.9,6
1030,fold3_room4_mix006,5.5,11.4,1
1031,fold3_room4_mix006,12.5,14.9,1
1032,fold3_room4_mix006,15.5,36.4,1
1033,fold3_room4_mix006,38.0,56.4,1
1034,fold3_room4_mix006,57.5,67.4,1
1035,fold3_room4_mix006,68.0,75.9,1
1036,fold3_room4_mix006,77.0,79.4,1
1037,fold3_room4_mix006,80.0,88.4,1
1038,fold3_room4_mix006,89.0,92.4,1
1039,fold3_room4_mix006,93.5,97.4,1
1040,fold3_room4_mix006,99.0,99.9,1
1041,fold3_room4_mix006,101.5,107.4,1
1042,fold3_room4_mix006,109.5,109.9,5
1043,fold3_room4_mix006,110.5,127.9,5
1044,fold3_room4_mix006,129.0,130.9,1
1045,fold3_room4_mix006,132.0,143.9,1
1046,fold3_room4_mix006,144.5,148.9,1
1047,fold3_room4_mix006,150.5,154.9,1
1048,fold3_room4_mix006,156.5,161.9,1
1049,fold3_room4_mix006,162.5,170.4,1
1050,fold3_room4_mix006,171.5,176.4,1
1051,fold3_room9_mix005,2.0,2.4,1
1052,fold3_room9_mix005,2.5,2.9,0
1053,fold3_room9_mix005,3.5,3.9,1
1054,fold3_room9_mix005,4.5,5.9,0
1055,fold3_room9_mix005,6.0,6.9,1
1056,fold3_room9_mix005,7.0,8.9,0
1057,fold3_room9_mix005,9.5,27.9,1
1058,fold3_room9_mix005,28.5,32.4,0
1059,fold3_room9_mix005,34.0,36.9,6
1060,fold3_room9_mix005,37.0,37.4,1
1061,fold3_room9_mix005,37.5,38.9,0
1062,fold3_room9_mix005,39.5,47.4,1
1063,fold3_room9_mix005,48.5,53.4,1
1064,fold3_room9_mix005,53.5,56.4,0
1065,fold3_room9_mix005,56.5,58.4,6
1066,fold3_room9_mix005,59.0,74.9,0
1067,fold3_room9_mix005,77.5,78.4,0
1068,fold3_room9_mix005,82.0,86.4,0
1069,fold3_room9_mix005,87.0,87.4,1
1070,fold3_room9_mix005,90.0,92.9,0
1071,fold3_room9_mix005,94.0,94.9,0
1072,fold3_room9_mix005,95.5,97.9,0
1073,fold3_room9_mix005,98.5,100.4,0
1074,fold3_room9_mix005,102.0,103.9,0
1075,fold3_room9_mix005,104.5,105.9,0
1076,fold3_room9_mix005,108.0,109.4,0
1077,fold3_room9_mix005,110.5,122.4,0
1078,fold3_room9_mix005,122.5,125.9,1
1079,fold3_room9_mix005,126.0,146.9,0
1080,fold3_room9_mix005,147.5,148.4,0
1081,fold3_room9_mix005,149.5,151.4,0
1082,fold3_room9_mix005,169.0,169.9,1
1083,fold3_room9_mix005,170.5,172.4,1
1084,fold3_room9_mix005,173.5,176.9,1
1085,fold3_room9_mix005,177.5,179.4,1
1086,fold3_room9_mix005,181.5,186.9,1
1087,fold3_room9_mix005,188.5,192.4,1
1088,fold3_room9_mix005,194.0,196.4,1
1089,fold3_room9_mix005,198.0,205.4,1
1090,fold3_room9_mix005,208.5,209.9,1
1091,fold3_room9_mix005,213.5,215.9,1
1092,fold3_room9_mix005,216.5,217.4,1
1093,fold3_room9_mix005,218.0,218.9,1
1094,fold3_room9_mix005,222.5,224.9,1
1095,fold3_room7_mix002,3.5,4.4,1
1096,fold3_room7_mix002,5.5,10.9,1
1097,fold3_room7_mix002,11.5,14.4,1
1098,fold3_room7_mix002,15.0,21.9,1
1099,fold3_room7_mix002,23.0,30.9,1
1100,fold3_room7_mix002,31.5,35.4,1
1101,fold3_room7_mix002,36.5,45.4,1
1102,fold3_room7_mix002,47.0,50.4,1
1103,fold3_room7_mix002,51.0,58.4,1
1104,fold3_room7_mix002,59.0,66.4,1
1105,fold3_room7_mix002,67.0,93.4,1
1106,fold3_room7_mix002,94.0,102.4,1
1107,fold3_room7_mix002,104.5,105.4,1
1108,fold3_room7_mix002,106.5,108.9,1
1109,fold3_room7_mix002,109.5,120.9,1
1110,fold3_room7_mix002,121.5,148.4,1
1111,fold3_room7_mix002,149.5,150.4,1
1112,fold3_room7_mix002,152.5,169.9,1
1113,fold3_room7_mix002,171.0,183.4,1
1114,fold3_room7_mix002,191.0,192.9,1
1115,fold3_room7_mix002,196.5,197.4,1
1116,fold3_room7_mix002,199.0,202.9,1
1117,fold3_room7_mix002,204.5,208.9,1
1118,fold3_room7_mix002,210.0,288.4,1
1119,fold3_room7_mix002,292.0,311.4,1
1120,fold3_room7_mix002,312.0,315.9,6
1121,fold3_room6_mix002,0.5,0.9,0
1122,fold3_room6_mix002,1.0,1.9,1
1123,fold3_room6_mix002,2.5,9.9,0
1124,fold3_room6_mix002,10.0,15.4,1
1125,fold3_room6_mix002,16.0,16.9,0
1126,fold3_room6_mix002,17.0,24.9,1
1127,fold3_room6_mix002,25.5,33.9,1
1128,fold3_room6_mix002,35.0,42.4,1
1129,fold3_room6_mix002,43.5,45.9,0
1130,fold3_room6_mix002,46.5,47.9,1
1131,fold3_room6_mix002,48.0,49.4,0
1132,fold3_room6_mix002,50.0,52.9,1
1133,fold3_room6_mix002,53.0,59.9,0
1134,fold3_room6_mix002,62.0,62.9,0
1135,fold3_room6_mix002,63.5,64.4,1
1136,fold3_room6_mix002,65.0,69.4,1
1137,fold3_room6_mix002,69.5,70.4,0
1138,fold3_room6_mix002,71.0,75.4,1
1139,fold3_room6_mix002,75.5,76.4,0
1140,fold3_room6_mix002,118.0,118.9,1
1141,fold3_room6_mix002,119.0,122.4,0
1142,fold3_room6_mix002,124.5,125.4,1
1143,fold3_room6_mix002,126.5,127.9,1
1144,fold3_room6_mix002,129.0,132.9,1
1145,fold3_room6_mix002,134.0,134.4,1
1146,fold3_room6_mix002,135.0,135.9,0
1147,fold3_room6_mix002,136.0,140.9,1
1148,fold3_room6_mix002,143.0,144.9,1
1149,fold3_room6_mix002,145.5,149.4,0
1150,fold3_room6_mix002,151.0,151.4,0
1151,fold3_room6_mix002,151.5,153.4,6
1152,fold3_room6_mix002,156.5,159.9,6
1153,fold3_room6_mix002,194.0,196.4,1
1154,fold3_room6_mix002,196.5,196.9,0
1155,fold3_room6_mix002,198.0,199.4,1
1156,fold3_room6_mix002,201.0,201.9,1
1157,fold3_room6_mix002,202.0,202.9,0
1158,fold3_room6_mix002,207.0,209.9,1
1159,fold3_room6_mix002,210.0,210.9,0
1160,fold3_room6_mix002,245.5,246.4,1
1161,fold3_room6_mix002,246.5,247.4,0
1162,fold3_room6_mix002,251.5,252.4,1
1163,fold3_room6_mix002,253.0,254.4,0
1164,fold3_room6_mix007,6.5,6.9,1
1165,fold3_room6_mix007,9.5,9.9,1
1166,fold3_room6_mix007,11.5,13.4,1
1167,fold3_room6_mix007,17.5,18.9,1
1168,fold3_room6_mix007,23.0,23.9,1
1169,fold3_room6_mix007,28.5,29.9,1
1170,fold3_room6_mix007,35.0,35.9,1
1171,fold3_room6_mix007,40.5,41.4,1
1172,fold3_room6_mix007,43.5,43.9,1
1173,fold3_room6_mix007,47.0,47.9,1
1174,fold3_room6_mix007,51.5,52.4,1
1175,fold3_room6_mix007,55.0,56.4,5
1176,fold3_room6_mix007,57.5,59.9,5
1177,fold3_room6_mix007,61.0,64.9,5
1178,fold3_room6_mix007,68.5,70.9,5
1179,fold3_room6_mix007,72.5,75.4,5
1180,fold3_room6_mix007,76.5,77.9,5
1181,fold3_room6_mix007,80.5,98.4,5
1182,fold3_room6_mix007,166.0,166.4,1
1183,fold3_room6_mix007,168.5,169.9,1
1184,fold3_room6_mix007,172.5,174.4,1
1185,fold3_room6_mix007,178.5,182.4,1
1186,fold3_room6_mix007,185.5,185.9,1
1187,fold3_room6_mix007,188.0,188.9,1
1188,fold3_room6_mix007,191.0,195.4,1
1189,fold3_room6_mix007,196.0,196.9,1
1190,fold3_room6_mix007,199.0,199.9,1
1191,fold3_room6_mix007,202.5,206.4,1
1192,fold3_room6_mix007,208.5,209.4,1
1193,fold3_room9_mix003,4.5,7.4,0
1194,fold3_room9_mix003,8.5,17.9,0
1195,fold3_room9_mix003,18.5,24.4,0
1196,fold3_room9_mix003,25.0,29.9,6
1197,fold3_room9_mix003,32.0,35.9,6
1198,fold3_room9_mix003,40.0,42.4,0
1199,fold3_room9_mix003,53.0,58.9,0
1200,fold3_room9_mix003,60.0,61.4,0
1201,fold3_room9_mix003,62.0,66.9,0
1202,fold3_room9_mix003,71.0,78.9,0
1203,fold3_room9_mix003,87.5,88.9,0
1204,fold3_room9_mix003,90.0,91.4,0
1205,fold3_room9_mix003,94.0,96.9,0
1206,fold3_room9_mix003,97.5,102.9,0
1207,fold3_room9_mix003,113.0,115.4,0
1208,fold3_room9_mix003,116.0,120.4,0
1209,fold3_room9_mix003,124.5,127.9,0
1210,fold3_room9_mix003,141.5,142.9,0
1211,fold3_room9_mix003,154.5,157.9,0
1212,fold3_room9_mix003,159.0,159.9,2
1213,fold3_room9_mix003,160.5,160.9,0
1214,fold3_room4_mix007,6.0,8.4,1
1215,fold3_room4_mix007,10.5,14.9,1
1216,fold3_room4_mix007,17.0,21.9,1
1217,fold3_room4_mix007,23.0,31.4,1
1218,fold3_room4_mix007,33.0,34.9,1
1219,fold3_room4_mix007,37.5,40.9,1
1220,fold3_room4_mix007,42.0,47.9,1
1221,fold3_room4_mix007,49.0,50.4,1
1222,fold3_room4_mix007,51.0,52.9,1
1223,fold3_room4_mix007,54.0,58.4,1
1224,fold3_room4_mix007,59.0,63.9,1
1225,fold3_room4_mix007,65.5,71.9,1
1226,fold3_room4_mix007,73.5,84.9,1
1227,fold3_room4_mix007,86.5,87.9,1
1228,fold3_room4_mix007,88.5,93.9,1
1229,fold3_room4_mix007,95.0,98.9,1
1230,fold3_room4_mix007,100.0,104.9,10
1231,fold3_room4_mix007,105.0,108.4,1
1232,fold3_room4_mix007,109.0,109.9,1
1233,fold3_room4_mix007,111.5,112.4,1
1234,fold3_room4_mix007,113.5,115.9,1
1235,fold3_room4_mix007,116.5,116.9,1
1236,fold3_room4_mix007,117.5,118.4,1
1237,fold3_room4_mix007,119.0,133.9,1
1238,fold3_room4_mix007,134.5,138.4,1
1239,fold3_room4_mix007,139.0,153.4,1
1240,fold3_room4_mix007,154.5,159.9,1
1241,fold3_room4_mix007,161.5,163.9,1
1242,fold3_room4_mix007,165.5,176.9,1
1243,fold3_room4_mix007,178.0,180.9,1
1244,fold3_room4_mix007,182.0,204.4,1
1245,fold3_room4_mix007,205.5,213.4,1
1246,fold3_room4_mix007,214.5,221.9,1
1247,fold3_room6_mix005,6.5,18.9,1
1248,fold3_room6_mix005,19.0,23.9,0
1249,fold3_room6_mix005,24.5,32.4,1
1250,fold3_room6_mix005,33.5,35.4,1
1251,fold3_room6_mix005,35.5,47.4,0
1252,fold3_room6_mix005,47.5,50.9,1
1253,fold3_room6_mix005,51.5,65.4,0
1254,fold3_room6_mix005,66.0,72.4,1
1255,fold3_room6_mix005,74.0,76.4,0
1256,fold3_room6_mix005,76.5,78.9,1
1257,fold3_room6_mix005,80.0,82.9,0
1258,fold3_room6_mix005,83.5,85.9,1
1259,fold3_room6_mix005,87.0,89.9,0
1260,fold3_room6_mix005,153.5,154.9,0
1261,fold3_room6_mix005,156.5,156.9,1
1262,fold3_room6_mix005,158.0,165.9,1
1263,fold3_room6_mix005,209.0,209.4,0
1264,fold3_room6_mix005,210.5,212.4,0
1265,fold3_room6_mix005,212.5,213.9,1
1266,fold3_room6_mix005,265.5,267.9,1
1267,fold3_room6_mix005,269.0,270.4,2
1268,fold3_room6_mix001,0.5,4.9,0
1269,fold3_room6_mix001,5.0,13.4,1
1270,fold3_room6_mix001,13.5,18.4,0
1271,fold3_room6_mix001,19.0,20.9,1
1272,fold3_room6_mix001,21.0,21.9,0
1273,fold3_room6_mix001,22.5,22.9,1
1274,fold3_room6_mix001,23.0,24.4,0
1275,fold3_room6_mix001,24.5,25.9,1
1276,fold3_room6_mix001,26.5,28.4,0
1277,fold3_room6_mix001,29.0,33.9,1
1278,fold3_room6_mix001,35.0,36.9,1
1279,fold3_room6_mix001,38.0,40.4,1
1280,fold3_room6_mix001,40.5,49.4,0
1281,fold3_room6_mix001,51.0,53.4,0
1282,fold3_room6_mix001,54.5,55.4,0
1283,fold3_room6_mix001,56.5,58.4,0
1284,fold3_room6_mix001,59.5,61.9,1
1285,fold3_room6_mix001,92.0,93.9,1
1286,fold3_room6_mix001,94.0,95.4,0
1287,fold3_room6_mix001,96.5,98.4,1
1288,fold3_room6_mix001,99.0,100.4,1
1289,fold3_room6_mix001,102.0,102.9,0
1290,fold3_room6_mix001,126.5,128.9,0
1291,fold3_room6_mix001,129.0,130.4,1
1292,fold3_room6_mix001,132.0,134.9,0
1293,fold3_room6_mix001,135.5,139.4,1
1294,fold3_room6_mix001,140.0,140.4,1
1295,fold3_room6_mix001,140.5,143.9,0
1296,fold3_room6_mix001,144.5,145.4,0
1297,fold3_room6_mix001,147.0,148.4,0
1298,fold3_room6_mix001,148.5,150.9,1
1299,fold3_room6_mix001,153.0,154.4,1
1300,fold3_room6_mix001,155.0,156.4,0
1301,fold3_room6_mix001,156.5,157.9,1
1302,fold3_room6_mix001,158.5,159.9,0
1303,fold3_room6_mix001,189.0,190.4,0
1304,fold3_room6_mix001,192.0,195.9,0
1305,fold3_room6_mix001,198.0,198.9,0
1306,fold3_room6_mix001,202.0,203.4,1
1307,fold3_room6_mix001,205.0,207.4,1
1308,fold3_room6_mix001,209.0,210.4,1
1309,fold3_room6_mix001,210.5,211.9,0
1310,fold3_room6_mix001,212.5,213.9,1
1311,fold3_room6_mix001,215.0,216.9,2
1312,fold3_room4_mix008,11.5,16.4,6
1313,fold3_room4_mix008,23.0,27.4,10
1314,fold3_room4_mix008,46.0,48.9,1
1315,fold3_room4_mix008,50.0,51.4,1
1316,fold3_room4_mix008,52.0,53.4,1
1317,fold3_room4_mix008,55.0,57.9,1
1318,fold3_room4_mix008,58.5,63.4,1
1319,fold3_room4_mix008,64.0,72.4,1
1320,fold3_room4_mix008,73.5,81.4,1
1321,fold3_room4_mix008,83.0,89.4,1
1322,fold3_room4_mix008,90.5,96.9,1
1323,fold3_room4_mix008,98.0,107.9,1
1324,fold3_room4_mix008,109.0,115.4,1
1325,fold3_room4_mix008,116.5,118.9,1
1326,fold3_room4_mix008,122.0,122.9,10
1327,fold3_room4_mix008,130.0,138.4,1
1328,fold3_room4_mix008,139.5,146.9,1
1329,fold3_room4_mix008,147.5,150.9,1
1330,fold3_room4_mix008,151.5,161.4,1
1331,fold3_room9_mix004,4.5,14.9,0
1332,fold3_room9_mix004,15.5,25.4,0
1333,fold3_room9_mix004,26.5,29.4,0
1334,fold3_room9_mix004,30.0,35.9,0
1335,fold3_room9_mix004,36.5,49.4,0
1336,fold3_room9_mix004,50.0,58.4,0
1337,fold3_room9_mix004,59.0,68.9,0
1338,fold3_room9_mix004,69.0,70.9,2
1339,fold3_room9_mix004,71.0,71.9,0
1340,fold3_room9_mix004,72.5,73.4,0
1341,fold3_room9_mix004,73.5,76.4,2
1342,fold3_room9_mix004,77.5,79.4,0
1343,fold3_room9_mix004,80.0,85.4,2
1344,fold3_room9_mix004,86.0,92.9,0
1345,fold3_room9_mix004,93.5,103.9,0
1346,fold3_room9_mix004,104.5,107.4,0
1347,fold3_room9_mix004,107.5,110.4,2
1348,fold3_room9_mix004,110.5,114.9,0
1349,fold3_room9_mix004,115.0,120.9,2
1350,fold3_room9_mix004,121.0,125.9,0
1351,fold3_room9_mix004,126.5,127.9,0
1352,fold3_room9_mix004,129.0,132.4,0
1353,fold3_room9_mix004,133.0,137.4,0
1354,fold3_room9_mix004,138.0,139.4,0
1355,fold3_room9_mix004,140.0,141.4,0
1356,fold3_room6_mix003,3.0,5.4,1
1357,fold3_room6_mix003,6.0,11.9,0
1358,fold3_room6_mix003,12.5,16.4,1
1359,fold3_room6_mix003,16.5,17.4,0
1360,fold3_room6_mix003,18.0,19.4,1
1361,fold3_room6_mix003,19.5,21.4,0
1362,fold3_room6_mix003,21.5,22.9,1
1363,fold3_room6_mix003,25.0,28.9,1
1364,fold3_room6_mix003,29.5,33.4,0
1365,fold3_room6_mix003,34.0,34.9,1
1366,fold3_room6_mix003,35.0,37.4,0
1367,fold3_room6_mix003,38.5,39.9,1
1368,fold3_room6_mix003,40.5,45.4,0
1369,fold3_room6_mix003,45.5,45.9,1
1370,fold3_room6_mix003,47.0,47.9,0
1371,fold3_room6_mix003,48.5,50.4,1
1372,fold3_room6_mix003,50.5,54.9,0
1373,fold3_room6_mix003,55.5,57.4,1
1374,fold3_room6_mix003,60.5,62.9,1
1375,fold3_room6_mix003,65.5,66.9,1
1376,fold3_room6_mix003,68.5,69.4,1
1377,fold3_room6_mix003,69.5,70.9,0
1378,fold3_room6_mix003,71.5,73.4,1
1379,fold3_room6_mix003,73.5,73.9,0
1380,fold3_room6_mix003,74.0,74.4,1
1381,fold3_room6_mix003,75.5,77.4,1
1382,fold3_room6_mix003,77.5,78.9,0
1383,fold3_room6_mix003,79.0,79.9,1
1384,fold3_room6_mix003,81.5,87.4,0
1385,fold3_room6_mix003,88.0,88.4,1
1386,fold3_room6_mix003,91.5,92.9,0
1387,fold3_room6_mix003,93.0,93.4,1
1388,fold3_room6_mix003,93.5,101.4,0
1389,fold3_room6_mix003,102.5,103.4,0
1390,fold3_room6_mix003,103.5,106.9,1
1391,fold3_room6_mix003,107.5,111.4,0
1392,fold3_room6_mix003,114.0,117.4,0
1393,fold3_room6_mix003,118.0,123.4,1
1394,fold3_room6_mix003,124.5,132.9,1
1395,fold3_room6_mix003,133.0,140.4,0
1396,fold3_room6_mix003,141.0,167.4,1
1397,fold3_room6_mix003,167.5,171.9,0
1398,fold3_room6_mix003,173.0,175.4,1
1399,fold3_room6_mix003,177.5,183.4,1
1400,fold3_room6_mix003,183.5,184.4,0
1401,fold3_room6_mix003,184.5,186.4,1
1402,fold3_room6_mix003,188.5,193.9,0
1403,fold3_room6_mix003,194.5,195.4,1
1404,fold3_room6_mix003,196.5,196.9,1
1405,fold3_room6_mix003,198.0,200.4,1
1406,fold3_room6_mix003,202.5,202.9,1
1407,fold3_room6_mix003,204.0,209.9,1
1408,fold3_room6_mix003,211.5,214.9,0
1409,fold3_room6_mix003,215.5,216.4,0
1410,fold3_room6_mix003,217.0,219.9,1
1411,fold3_room6_mix003,220.0,223.9,0
1412,fold3_room6_mix003,225.0,225.9,0
1413,fold3_room6_mix003,228.0,228.9,0
1414,fold3_room6_mix003,232.0,232.9,0
1415,fold3_room6_mix003,234.0,234.4,1
1416,fold3_room6_mix003,237.5,237.9,0
1417,fold3_room6_mix003,239.0,239.9,0
1418,fold3_room6_mix003,241.0,253.9,0
1419,fold3_room6_mix003,255.0,255.4,0
1420,fold3_room6_mix003,257.0,257.4,0
1421,fold3_room6_mix003,258.0,259.9,6
1422,fold3_room6_mix003,261.0,262.4,0
1423,fold3_room6_mix003,263.5,264.4,0
1424,fold3_room6_mix003,265.0,265.4,0
1425,fold3_room6_mix003,266.0,267.4,0
1426,fold3_room6_mix003,268.5,270.4,0
1427,fold3_room6_mix003,271.5,272.9,0
1428,fold3_room6_mix003,273.5,276.4,0
1429,fold3_room6_mix003,277.0,277.4,0
1430,fold3_room6_mix003,278.5,278.9,0
1431,fold3_room6_mix003,280.0,280.9,0
1432,fold3_room6_mix003,282.0,285.4,0
1433,fold3_room6_mix003,288.0,289.4,0
1434,fold3_room6_mix003,290.5,292.9,0
1435,fold3_room6_mix003,293.0,294.4,1
1436,fold3_room6_mix003,295.0,296.4,0
1437,fold3_room6_mix003,296.5,301.9,1
1438,fold3_room6_mix003,303.0,304.9,1
1439,fold3_room6_mix003,307.5,307.9,1
1440,fold3_room6_mix003,308.0,311.4,6
1441,fold3_room4_mix004,49.5,58.4,10
1442,fold3_room4_mix004,108.1,109.3,1
1443,fold3_room4_mix004,111.0,113.2,1
1444,fold3_room4_mix004,116.2,118.8,1
1445,fold3_room4_mix004,120.5,123.5,1
1446,fold3_room4_mix004,124.1,126.5,1
1447,fold3_room4_mix004,127.3,129.3,1
1448,fold3_room4_mix004,129.8,131.4,1
1449,fold3_room4_mix004,132.9,133.3,1
1450,fold3_room4_mix004,134.1,134.5,1
1451,fold3_room4_mix004,135.8,136.5,1
1452,fold3_room4_mix004,138.2,139.3,1
1453,fold3_room4_mix004,141.3,144.8,1
1454,fold3_room4_mix004,146.2,147.8,1
1455,fold3_room4_mix001,16.0,18.4,6
1456,fold3_room4_mix001,27.5,37.9,10
1457,fold3_room4_mix001,48.5,48.9,1
1458,fold3_room4_mix001,50.5,52.4,1
1459,fold3_room4_mix001,54.0,58.9,1
1460,fold3_room4_mix001,60.0,60.9,1
1461,fold3_room4_mix001,62.5,63.4,1
1462,fold3_room4_mix001,64.5,72.4,1
1463,fold3_room4_mix001,74.0,75.4,1
1464,fold3_room4_mix001,76.5,76.9,1
1465,fold3_room4_mix001,78.0,80.4,1
1466,fold3_room4_mix001,81.0,83.4,1
1467,fold3_room4_mix001,86.0,86.9,1
1468,fold3_room4_mix001,89.5,90.4,1
1469,fold3_room4_mix001,91.5,95.4,1
1470,fold3_room4_mix001,97.5,98.4,1
1471,fold3_room4_mix001,99.5,101.4,1
1472,fold3_room4_mix001,103.5,104.4,1
1473,fold3_room4_mix001,105.5,106.9,1
1474,fold3_room4_mix001,109.0,111.9,10
1475,fold3_room4_mix001,122.0,123.4,6
1476,fold3_room6_mix004,5.0,6.4,0
1477,fold3_room6_mix004,7.0,10.4,1
1478,fold3_room6_mix004,11.0,26.9,0
1479,fold3_room6_mix004,28.0,29.4,0
1480,fold3_room6_mix004,30.0,43.9,1
1481,fold3_room6_mix004,45.0,45.9,1
1482,fold3_room6_mix004,46.5,49.4,1
1483,fold3_room6_mix004,49.5,53.9,0
1484,fold3_room6_mix004,54.0,54.9,1
1485,fold3_room6_mix004,55.5,58.9,1
1486,fold3_room6_mix004,59.5,60.9,1
1487,fold3_room6_mix004,62.0,62.4,1
1488,fold3_room6_mix004,63.0,63.4,0
1489,fold3_room6_mix004,63.5,63.9,1
1490,fold3_room6_mix004,64.0,64.9,0
1491,fold3_room6_mix004,65.0,65.4,1
1492,fold3_room6_mix004,65.5,66.4,0
1493,fold3_room6_mix004,67.5,71.4,1
1494,fold3_room6_mix004,71.5,71.9,0
1495,fold3_room6_mix004,72.5,77.4,1
1496,fold3_room6_mix004,78.0,80.9,0
1497,fold3_room6_mix004,82.5,85.9,1
1498,fold3_room6_mix004,87.0,90.4,1
1499,fold3_room6_mix004,90.5,91.9,0
1500,fold3_room6_mix004,93.0,97.4,0
1501,fold3_room6_mix004,99.5,104.9,0
1502,fold3_room6_mix004,105.5,110.9,0
1503,fold3_room6_mix004,112.0,114.9,1
1504,fold3_room6_mix004,115.5,123.4,1
1505,fold3_room6_mix004,124.0,134.4,1
1506,fold3_room6_mix004,135.0,136.4,1
1507,fold3_room6_mix004,137.0,139.9,0
1508,fold3_room6_mix004,141.0,141.4,1
1509,fold3_room6_mix004,142.0,148.9,0
1510,fold3_room6_mix004,150.0,154.4,0
1511,fold3_room6_mix004,154.5,155.9,1
1512,fold3_room6_mix004,156.5,164.4,1
1513,fold3_room6_mix004,165.0,165.9,1
1514,fold3_room6_mix004,166.5,170.9,1
1515,fold3_room6_mix004,173.0,173.9,0
1516,fold3_room6_mix004,176.0,180.4,0
1517,fold3_room6_mix004,181.5,183.4,0
1518,fold3_room6_mix004,183.5,192.4,1
1519,fold3_room6_mix004,192.5,192.9,0
1520,fold3_room6_mix004,193.5,194.9,1
1521,fold3_room6_mix004,197.0,202.4,0
1522,fold3_room6_mix004,203.5,211.9,0
1523,fold3_room6_mix004,212.0,216.9,1
1524,fold3_room6_mix004,217.5,217.9,1
1525,fold3_room6_mix004,219.0,221.9,1
1526,fold3_room6_mix004,222.5,228.4,0
1527,fold3_room6_mix004,229.0,233.4,1
1528,fold3_room6_mix004,233.5,235.9,0
1529,fold3_room6_mix004,237.0,237.9,1
1530,fold3_room6_mix004,241.0,241.4,0
1531,fold3_room6_mix004,249.5,250.9,1
1532,fold3_room6_mix004,252.0,253.4,6
1533,fold3_room6_mix004,255.5,258.4,1
1534,fold3_room6_mix004,260.0,262.4,1
1535,fold3_room6_mix004,265.5,271.9,1
1536,fold3_room6_mix004,272.0,275.4,0
1537,fold3_room6_mix004,277.0,277.4,0
1538,fold3_room6_mix004,278.0,279.4,1
1539,fold3_room6_mix004,279.5,281.9,0
1540,fold3_room6_mix004,282.0,284.4,1
1541,fold3_room6_mix004,286.5,286.9,1
1542,fold3_room4_mix005,13.0,15.9,6
1543,fold3_room4_mix005,31.5,51.4,5
1544,fold3_room4_mix005,60.5,62.9,6
1545,fold3_room4_mix005,78.0,81.9,6
1546,fold3_room4_mix005,100.0,102.9,6
1547,fold3_room9_mix007,1.5,2.4,0
1548,fold3_room9_mix007,2.5,2.9,1
1549,fold3_room9_mix007,3.5,4.4,0
1550,fold3_room9_mix007,5.0,8.4,1
1551,fold3_room9_mix007,9.0,13.4,0
1552,fold3_room9_mix007,13.5,15.9,1
1553,fold3_room9_mix007,17.5,18.4,0
1554,fold3_room9_mix007,19.5,20.9,0
1555,fold3_room9_mix007,22.0,24.9,1
1556,fold3_room9_mix007,25.5,28.4,0
1557,fold3_room9_mix007,29.0,33.4,0
1558,fold3_room9_mix007,33.5,33.9,1
1559,fold3_room9_mix007,35.0,35.9,1
1560,fold3_room9_mix007,41.0,43.4,0
1561,fold3_room9_mix007,43.5,44.4,1
1562,fold3_room9_mix007,45.5,46.4,1
1563,fold3_room9_mix007,46.5,46.9,0
1564,fold3_room9_mix007,48.0,50.4,0
1565,fold3_room9_mix007,51.0,51.4,1
1566,fold3_room9_mix007,57.0,59.9,0
1567,fold3_room9_mix007,60.5,62.4,1
1568,fold3_room9_mix007,64.5,66.9,0
1569,fold3_room9_mix007,68.0,69.4,1
1570,fold3_room9_mix007,74.0,75.9,0
1571,fold3_room9_mix007,77.0,77.9,1
1572,fold3_room9_mix007,80.5,81.9,1
1573,fold3_room9_mix007,82.0,83.9,0
1574,fold3_room9_mix007,85.5,86.9,0
1575,fold3_room9_mix007,88.0,89.9,1
1576,fold3_room9_mix007,90.5,91.4,0
1577,fold3_room9_mix007,92.5,93.4,1
1578,fold3_room9_mix007,94.0,94.9,1
1579,fold3_room9_mix007,98.0,99.4,0
1580,fold3_room9_mix007,101.0,101.9,1
1581,fold3_room9_mix007,106.0,109.9,0
1582,fold3_room9_mix007,110.5,112.4,1
1583,fold3_room9_mix007,112.5,113.9,0
1584,fold3_room9_mix007,115.0,115.9,0
1585,fold3_room9_mix007,116.0,118.4,1
1586,fold3_room9_mix007,118.5,119.9,0
1587,fold3_room9_mix007,120.5,120.9,1
1588,fold3_room9_mix007,122.0,122.4,1
1589,fold3_room9_mix007,123.0,123.9,1
1590,fold3_room9_mix007,127.0,128.4,0
1591,fold3_room9_mix007,130.5,131.4,0
1592,fold3_room9_mix007,133.0,133.9,0
1593,fold3_room9_mix007,135.0,135.9,1
1594,fold3_room9_mix007,136.5,138.9,0
1595,fold3_room9_mix007,139.0,139.9,1
1596,fold3_room9_mix007,140.5,141.4,1
1597,fold3_room9_mix007,142.5,147.9,0
1598,fold3_room9_mix007,149.5,149.9,1
1599,fold3_room9_mix007,151.5,152.4,1
1600,fold3_room9_mix007,152.5,153.4,0
1601,fold3_room9_mix007,154.0,155.4,0
1602,fold3_room9_mix007,156.0,156.4,1
1603,fold3_room9_mix007,157.0,157.4,0
1604,fold3_room9_mix006,23.0,23.9,1
1605,fold3_room9_mix006,25.0,26.4,1
1606,fold3_room9_mix006,27.5,28.9,1
1607,fold3_room9_mix006,30.0,30.4,1
1608,fold3_room9_mix006,31.5,35.4,1
1609,fold3_room9_mix006,36.0,40.9,1
1610,fold3_room9_mix006,41.5,43.4,1
1611,fold3_room9_mix006,44.5,45.4,1
1612,fold3_room9_mix006,46.5,47.9,1
1613,fold3_room9_mix006,49.5,63.4,1
1614,fold3_room9_mix006,64.5,65.4,1
1615,fold3_room9_mix006,66.5,67.9,1
1616,fold3_room9_mix006,70.0,70.9,1
1617,fold3_room9_mix006,73.0,74.9,1
1618,fold3_room9_mix006,75.0,76.4,0
1619,fold3_room9_mix006,77.0,78.9,6
1620,fold3_room9_mix006,79.5,80.9,0
1621,fold3_room9_mix006,81.0,91.9,1
1622,fold3_room9_mix006,93.0,94.4,1
1623,fold3_room9_mix006,95.5,98.9,0
1624,fold3_room9_mix006,99.5,104.9,1
1625,fold3_room9_mix006,107.0,108.4,0
1626,fold3_room9_mix006,108.5,113.9,1
1627,fold3_room9_mix006,115.0,117.4,1
1628,fold3_room9_mix006,117.5,124.9,0
1629,fold3_room9_mix006,125.0,133.4,1
1630,fold3_room9_mix006,135.5,137.9,0
1631,fold3_room9_mix006,139.5,139.9,0
1632,fold3_room9_mix006,141.0,141.9,1
1633,fold3_room9_mix006,142.0,145.4,6
1634,fold3_room7_mix003,3.0,9.4,1
1635,fold3_room7_mix003,10.0,11.9,1
1636,fold3_room7_mix003,12.5,13.4,1
1637,fold3_room7_mix003,208.0,214.4,1
1638,fold3_room7_mix004,8.0,18.4,0
1639,fold3_room7_mix004,19.0,25.9,0
1640,fold3_room7_mix004,27.0,41.4,0
1641,fold3_room7_mix004,42.0,49.9,0
1642,fold3_room7_mix004,51.0,84.4,0
1643,fold3_room7_mix004,86.0,123.4,0
1644,fold3_room7_mix004,125.0,132.4,0
1645,fold3_room7_mix004,133.0,143.9,0
1646,fold3_room7_mix004,146.5,147.4,0
1647,fold3_room7_mix004,148.0,149.9,0
1648,fold3_room7_mix004,150.5,181.9,0
1649,fold3_room7_mix004,183.0,184.4,0
1650,fold3_room7_mix004,186.0,190.9,0
1651,fold3_room7_mix004,191.5,197.9,0
1652,fold3_room7_mix004,198.5,202.4,0
1653,fold3_room7_mix004,203.5,233.4,0
1654,fold3_room7_mix004,235.0,245.4,0
1655,fold3_room7_mix004,246.0,258.9,0
1656,fold3_room7_mix004,260.0,264.9,0
1657,fold3_room7_mix004,266.0,270.4,0
1658,fold3_room7_mix004,273.5,275.4,0
1659,fold3_room7_mix004,294.0,294.9,0
1660,fold3_room7_mix004,296.0,300.9,0
1661,fold3_room7_mix004,302.0,303.9,0
1662,fold3_room7_mix004,306.5,310.9,0
1663,fold3_room7_mix004,312.5,317.9,6
1664,fold3_room9_mix002,4.0,15.4,0
1665,fold3_room9_mix002,16.0,35.9,0
1666,fold3_room9_mix002,36.5,65.9,0
1667,fold3_room9_mix002,66.5,67.4,0
1668,fold3_room9_mix002,96.0,96.9,0
1669,fold3_room9_mix002,98.0,101.9,0
1670,fold3_room9_mix002,103.5,109.4,0
1671,fold3_room9_mix002,110.5,112.4,0
1672,fold3_room9_mix002,114.5,119.9,0
1673,fold3_room9_mix002,121.0,127.9,0
1674,fold3_room9_mix002,129.0,129.4,0
1675,fold3_room9_mix002,131.0,132.9,0
1676,fold3_room9_mix002,138.0,151.9,0
1677,fold3_room9_mix002,152.5,160.4,6
1678,fold3_room9_mix002,160.5,162.4,0
1679,fold3_room9_mix008,1.5,1.9,0
1680,fold3_room9_mix008,2.5,2.9,1
1681,fold3_room9_mix008,3.0,4.4,0
1682,fold3_room9_mix008,4.5,5.4,1
1683,fold3_room9_mix008,6.0,7.9,0
1684,fold3_room9_mix008,8.5,8.9,1
1685,fold3_room9_mix008,10.0,12.4,0
1686,fold3_room9_mix008,13.5,15.9,0
1687,fold3_room9_mix008,16.0,16.4,1
1688,fold3_room9_mix008,17.0,17.9,0
1689,fold3_room9_mix008,18.5,19.4,0
1690,fold3_room9_mix008,20.5,22.4,0
1691,fold3_room9_mix008,23.0,25.9,0
1692,fold3_room9_mix008,29.0,32.4,0
1693,fold3_room9_mix008,34.0,34.4,1
1694,fold3_room9_mix008,34.5,36.4,0
1695,fold3_room9_mix008,36.5,38.4,2
1696,fold3_room9_mix008,38.5,38.9,0
1697,fold3_room9_mix008,39.0,39.9,1
1698,fold3_room9_mix008,40.0,42.9,0
1699,fold3_room9_mix008,43.0,43.4,1
1700,fold3_room9_mix008,43.5,44.4,0
1701,fold3_room9_mix008,44.5,45.9,1
1702,fold3_room9_mix008,46.0,46.9,0
1703,fold3_room9_mix008,47.0,47.9,1
1704,fold3_room9_mix008,48.0,48.4,0
1705,fold3_room9_mix008,50.0,51.4,0
1706,fold3_room9_mix008,52.0,52.9,1
1707,fold3_room9_mix008,54.0,59.4,0
1708,fold3_room9_mix008,60.0,60.9,1
1709,fold3_room9_mix008,61.5,68.9,0
1710,fold3_room9_mix008,69.0,69.9,1
1711,fold3_room9_mix008,70.0,70.4,0
1712,fold3_room9_mix008,71.5,72.9,0
1713,fold3_room9_mix008,73.0,73.4,1
1714,fold3_room9_mix008,73.5,74.4,0
1715,fold3_room9_mix008,74.5,75.9,2
1716,fold3_room9_mix008,78.0,78.4,0
1717,fold3_room9_mix008,79.5,79.9,1
1718,fold3_room9_mix008,82.0,84.9,2
1719,fold3_room9_mix008,86.0,86.4,1
1720,fold3_room9_mix008,88.5,89.4,0
1721,fold3_room9_mix008,90.0,90.4,1
1722,fold3_room9_mix008,91.5,94.4,0
1723,fold3_room9_mix008,96.5,96.9,0
1724,fold3_room9_mix008,98.5,100.4,1
1725,fold3_room9_mix008,100.5,102.4,0
1726,fold3_room9_mix008,103.5,104.4,0
1727,fold3_room9_mix008,105.0,105.9,1
1728,fold3_room9_mix008,106.5,108.9,0
1729,fold3_room9_mix008,110.0,110.4,1
1730,fold3_room9_mix008,111.0,112.9,0
1731,fold3_room9_mix008,113.0,114.9,1
1732,fold3_room9_mix008,115.5,116.4,2
1733,fold3_room9_mix008,118.0,118.4,1
1734,fold3_room9_mix008,119.0,119.4,0
1735,fold3_room9_mix008,120.0,121.9,2
1736,fold3_room9_mix008,123.0,123.4,0
1737,fold3_room9_mix008,124.5,126.9,2
1738,fold3_room9_mix008,129.5,130.4,0
1739,fold3_room9_mix008,131.0,131.4,1
1740,fold3_room9_mix008,132.0,134.4,0
1741,fold3_room9_mix008,134.5,135.4,1
1742,fold3_room9_mix008,136.0,136.9,1
1743,fold3_room9_mix008,137.0,141.4,0
1744,fold3_room9_mix008,142.5,146.4,0
1745,fold3_room9_mix008,148.0,150.9,0
1746,fold3_room9_mix008,152.0,152.9,0
1747,fold3_room9_mix008,153.0,153.9,1
1748,fold3_room9_mix008,155.0,155.4,0
1749,fold3_room9_mix008,156.0,157.4,2
1750,fold3_room9_mix008,159.5,160.9,0
1751,fold3_room9_mix008,163.0,163.9,1
1752,fold3_room9_mix008,165.0,171.9,2
1753,fold3_room9_mix008,172.5,172.9,0
1754,fold3_room9_mix008,176.0,180.9,0
1755,fold3_room9_mix008,181.0,181.4,1
1756,fold3_room9_mix008,182.0,183.4,0
1757,fold3_room9_mix008,185.0,185.9,1
1758,fold3_room9_mix008,186.0,187.9,0
1759,fold3_room9_mix008,188.0,190.4,2
1760,fold3_room9_mix008,191.5,192.9,0
1761,fold3_room9_mix008,193.5,196.9,2
1762,fold3_room9_mix008,199.0,200.9,0
1763,fold3_room9_mix008,201.5,204.9,0
1764,fold3_room9_mix008,205.5,206.9,1
1765,fold3_room9_mix008,207.0,207.4,0
1766,fold3_room9_mix008,208.5,210.4,1
1767,fold3_room9_mix008,210.5,211.4,0
1768,fold3_room7_mix006,4.0,6.4,0
1769,fold3_room7_mix006,7.0,30.9,0
1770,fold3_room7_mix006,31.5,62.9,0
1771,fold3_room7_mix006,272.0,273.9,0
1772,fold3_room7_mix006,275.5,276.4,0
1773,fold3_room7_mix006,277.5,278.9,0
1774,fold3_room7_mix006,280.0,281.9,0
1775,fold3_room7_mix006,284.0,286.4,0
1776,fold3_room7_mix006,287.0,288.9,0
1777,fold3_room7_mix006,290.5,295.9,0
1778,fold3_room7_mix006,297.0,298.4,0
1779,fold3_room7_mix006,299.0,304.4,0
1780,fold3_room7_mix006,305.0,321.9,0
1781,fold3_room7_mix006,325.0,326.4,0
1782,fold3_room7_mix006,329.5,330.4,0
1783,fold3_room7_mix005,5.0,17.4,0
1784,fold3_room7_mix005,18.0,61.9,0
1785,fold3_room7_mix005,62.5,84.9,0
1786,fold3_room7_mix005,85.5,97.4,0
1787,fold3_room7_mix005,99.5,119.4,0
1788,fold3_room7_mix005,122.5,134.9,0
1789,fold3_room7_mix005,136.0,139.4,0
1790,fold3_room7_mix005,141.0,163.9,0
1791,fold3_room7_mix005,165.5,174.4,0
1792,fold3_room7_mix005,176.0,182.4,0
1793,fold3_room7_mix005,183.5,183.9,0
1794,fold3_room7_mix005,184.5,199.4,0
1795,fold3_room7_mix005,200.5,208.9,0
1796,fold3_room7_mix005,223.5,223.9,0
1797,fold3_room7_mix005,225.0,226.9,0
1798,fold3_room7_mix005,228.0,234.9,0
1799,fold3_room7_mix005,235.5,243.4,0
1800,fold3_room7_mix005,246.0,249.9,6
1801,fold3_room9_mix001,4.5,20.9,0
1802,fold3_room9_mix001,21.5,25.4,0
1803,fold3_room9_mix001,30.5,31.9,0
1804,fold3_room9_mix001,33.5,42.4,0
1805,fold3_room9_mix001,43.5,50.9,0
1806,fold3_room9_mix001,51.5,52.9,0
1807,fold3_room9_mix001,53.5,59.4,0
1808,fold3_room9_mix001,60.0,64.9,0
1809,fold3_room9_mix001,65.5,79.9,0
1810,fold3_room9_mix001,81.5,84.4,0
1811,fold3_room9_mix001,86.5,90.9,0
1812,fold3_room9_mix001,91.5,92.4,0
1813,fold3_room9_mix001,94.5,97.4,0
1814,fold3_room9_mix001,98.0,105.4,0
1815,fold3_room9_mix001,106.0,107.4,0
1816,fold3_room9_mix001,109.0,127.4,0
1817,fold3_room9_mix001,138.0,142.4,6
1818,fold3_room9_mix001,152.0,169.4,0
1819,fold3_room9_mix001,170.5,175.4,0
1820,fold3_room7_mix001,4.5,4.9,1
1821,fold3_room7_mix001,5.5,9.4,1
1822,fold3_room7_mix001,10.0,46.4,1
1823,fold3_room7_mix001,47.5,64.9,1
1824,fold3_room7_mix001,65.5,77.4,1
1825,fold3_room7_mix001,78.5,80.4,1
1826,fold3_room7_mix001,81.0,81.4,1
1827,fold3_room7_mix001,83.5,92.9,1
1828,fold3_room7_mix001,99.5,101.4,1
1829,fold3_room7_mix001,102.0,103.9,1
1830,fold3_room7_mix001,106.0,107.9,1
1831,fold3_room7_mix001,109.0,109.4,1
1832,fold3_room7_mix001,111.5,119.9,1
1833,fold3_room7_mix001,120.5,121.4,1
1834,fold3_room7_mix001,125.0,137.4,1
1835,fold3_room7_mix001,140.0,142.4,6
1836,fold4_room24_mix008,1.5,43.2,10
1837,fold4_room23_mix006,0.6,6.5,5
1838,fold4_room23_mix006,9.9,9.9,5
1839,fold4_room23_mix006,10.8,10.9,5
1840,fold4_room23_mix006,12.5,12.7,5
1841,fold4_room23_mix006,18.5,18.6,5
1842,fold4_room23_mix006,25.1,25.4,5
1843,fold4_room23_mix006,27.9,28.1,5
1844,fold4_room23_mix006,33.3,33.3,5
1845,fold4_room23_mix006,38.1,38.5,5
1846,fold4_room23_mix006,47.5,48.0,5
1847,fold4_room23_mix006,49.7,49.7,5
1848,fold4_room23_mix006,61.0,61.1,5
1849,fold4_room23_mix006,61.9,63.2,5
1850,fold4_room23_mix006,65.2,68.2,5
1851,fold4_room23_mix006,81.4,82.6,5
1852,fold4_room23_mix006,84.2,84.9,5
1853,fold4_room23_mix006,92.7,95.3,5
1854,fold4_room23_mix006,97.4,98.6,5
1855,fold4_room23_mix006,99.3,104.6,5
1856,fold4_room24_mix002,0.1,0.1,5
1857,fold4_room24_mix003,0.2,3.1,5
1858,fold4_room24_mix003,4.3,4.3,5
1859,fold4_room24_mix003,5.0,10.1,5
1860,fold4_room24_mix003,14.0,15.8,5
1861,fold4_room24_mix003,17.8,17.8,5
1862,fold4_room24_mix003,20.0,20.0,5
1863,fold4_room24_mix003,22.6,22.7,5
1864,fold4_room24_mix003,49.2,49.6,5
1865,fold4_room24_mix003,61.0,61.0,5
1866,fold4_room24_mix003,65.4,66.0,5
1867,fold4_room24_mix003,80.2,81.4,5
1868,fold4_room24_mix006,4.2,6.5,1
1869,fold4_room24_mix006,7.2,8.1,1
1870,fold4_room24_mix006,9.7,12.8,0
1871,fold4_room24_mix006,14.7,14.8,0
1872,fold4_room24_mix006,15.3,16.6,0
1873,fold4_room24_mix006,16.7,17.9,1
1874,fold4_room24_mix006,21.3,22.0,1
1875,fold4_room24_mix006,23.4,24.4,1
1876,fold4_room24_mix006,24.9,25.1,0
1877,fold4_room24_mix006,26.7,26.9,1
1878,fold4_room24_mix006,29.3,29.8,0
1879,fold4_room24_mix006,36.6,37.3,1
1880,fold4_room24_mix006,38.9,40.2,1
1881,fold4_room24_mix006,40.4,40.8,0
1882,fold4_room24_mix006,44.3,45.0,1
1883,fold4_room24_mix006,48.2,49.5,0
1884,fold4_room24_mix006,52.1,52.2,1
1885,fold4_room24_mix006,53.5,56.1,1
1886,fold4_room24_mix006,57.5,59.3,1
1887,fold4_room24_mix006,65.2,66.7,0
1888,fold4_room24_mix006,66.8,67.9,1
1889,fold4_room24_mix006,69.1,70.9,0
1890,fold4_room24_mix006,71.8,72.7,1
1891,fold4_room24_mix006,74.6,74.9,0
1892,fold4_room24_mix006,75.6,76.3,1
1893,fold4_room24_mix006,76.8,78.6,1
1894,fold4_room24_mix006,79.0,81.0,0
1895,fold4_room24_mix006,81.3,81.5,1
1896,fold4_room24_mix006,85.6,86.3,1
1897,fold4_room24_mix006,87.7,88.8,0
1898,fold4_room24_mix006,90.3,91.7,0
1899,fold4_room24_mix006,102.1,102.7,0
1900,fold4_room24_mix006,104.0,119.5,0
1901,fold4_room24_mix006,123.4,123.7,0
1902,fold4_room24_mix006,124.2,124.9,1
1903,fold4_room24_mix006,126.9,127.2,1
1904,fold4_room24_mix006,129.4,130.1,0
1905,fold4_room24_mix006,130.5,130.6,0
1906,fold4_room24_mix006,131.4,133.7,1
1907,fold4_room24_mix006,137.3,137.9,1
1908,fold4_room24_mix006,139.1,140.9,1
1909,fold4_room24_mix011,1.1,1.1,6
1910,fold4_room24_mix011,2.4,3.7,1
1911,fold4_room24_mix011,3.9,5.2,0
1912,fold4_room24_mix011,6.2,9.6,0
1913,fold4_room24_mix011,9.8,10.7,1
1914,fold4_room24_mix011,11.9,13.1,1
1915,fold4_room24_mix011,16.6,17.7,5
1916,fold4_room24_mix011,18.8,20.6,5
1917,fold4_room24_mix011,25.4,26.0,5
1918,fold4_room24_mix011,33.0,33.6,5
1919,fold4_room24_mix011,34.6,34.7,5
1920,fold4_room24_mix011,36.4,38.8,5
1921,fold4_room24_mix011,40.4,40.6,5
1922,fold4_room24_mix011,40.9,41.9,5
1923,fold4_room24_mix011,42.6,63.2,5
1924,fold4_room23_mix005,0.1,3.5,1
1925,fold4_room23_mix005,3.7,5.6,1
1926,fold4_room23_mix005,5.8,7.9,1
1927,fold4_room23_mix005,8.3,9.8,6
1928,fold4_room23_mix005,10.8,11.3,1
1929,fold4_room23_mix005,12.7,15.5,1
1930,fold4_room23_mix005,16.0,20.6,1
1931,fold4_room23_mix005,21.5,24.7,1
1932,fold4_room23_mix005,24.9,38.0,1
1933,fold4_room23_mix005,40.6,45.4,1
1934,fold4_room23_mix005,45.6,49.1,1
1935,fold4_room23_mix005,49.3,52.9,1
1936,fold4_room23_mix005,53.4,54.5,1
1937,fold4_room23_mix005,56.2,72.8,1
1938,fold4_room24_mix004,0.1,1.0,5
1939,fold4_room24_mix004,2.0,2.4,5
1940,fold4_room24_mix004,3.1,7.2,5
1941,fold4_room24_mix004,7.9,11.4,5
1942,fold4_room24_mix004,13.5,14.3,5
1943,fold4_room24_mix004,18.8,18.9,5
1944,fold4_room24_mix004,20.9,21.0,5
1945,fold4_room24_mix004,23.6,23.6,5
1946,fold4_room24_mix004,51.0,51.0,5
1947,fold4_room24_mix004,54.5,55.2,5
1948,fold4_room24_mix004,72.9,73.3,5
1949,fold4_room24_mix004,79.1,79.2,5
1950,fold4_room24_mix004,86.1,86.9,5
1951,fold4_room24_mix004,92.7,92.9,5
1952,fold4_room23_mix004,83.3,83.3,5
1953,fold4_room24_mix001,78.7,79.9,1
1954,fold4_room24_mix001,82.7,84.2,0
1955,fold4_room24_mix001,178.7,178.7,1
1956,fold4_room24_mix009,0.1,0.9,5
1957,fold4_room24_mix009,3.3,3.5,5
1958,fold4_room24_mix009,4.3,4.6,5
1959,fold4_room24_mix009,13.9,14.0,5
1960,fold4_room24_mix009,32.2,33.2,5
1961,fold4_room24_mix009,34.9,35.3,5
1962,fold4_room24_mix009,36.0,36.1,5
1963,fold4_room24_mix009,37.0,37.4,5
1964,fold4_room24_mix009,40.5,41.4,5
1965,fold4_room24_mix009,54.1,55.1,5
1966,fold4_room24_mix009,55.8,55.8,5
1967,fold4_room24_mix009,76.0,77.3,5
1968,fold4_room24_mix015,1.0,1.7,12
1969,fold4_room24_mix015,2.9,3.1,1
1970,fold4_room24_mix015,13.2,13.9,0
1971,fold4_room24_mix015,14.1,15.1,1
1972,fold4_room24_mix015,16.0,17.6,0
1973,fold4_room24_mix015,18.1,19.9,1
1974,fold4_room24_mix015,20.2,22.0,0
1975,fold4_room24_mix015,22.1,23.2,1
1976,fold4_room24_mix015,23.3,27.6,0
1977,fold4_room24_mix015,28.9,31.1,1
1978,fold4_room24_mix015,31.4,34.2,0
1979,fold4_room24_mix015,35.0,35.6,1
1980,fold4_room24_mix015,36.2,37.9,0
1981,fold4_room24_mix015,39.3,40.8,1
1982,fold4_room23_mix011,0.1,15.9,5
1983,fold4_room23_mix011,17.3,31.2,5
1984,fold4_room23_mix011,31.6,57.0,5
1985,fold4_room23_mix011,58.0,80.4,5
1986,fold4_room23_mix011,87.0,88.8,5
1987,fold4_room23_mix011,90.0,91.7,5
1988,fold4_room23_mix011,92.8,94.8,5
1989,fold4_room23_mix011,96.0,98.4,5
1990,fold4_room23_mix011,98.5,99.0,1
1991,fold4_room23_mix011,99.5,101.9,6
1992,fold4_room23_mix011,102.1,104.1,1
1993,fold4_room23_mix011,107.5,110.5,5
1994,fold4_room23_mix011,111.0,112.7,5
1995,fold4_room23_mix011,114.3,114.9,5
1996,fold4_room24_mix012,0.9,2.2,0
1997,fold4_room24_mix012,3.8,4.2,1
1998,fold4_room24_mix012,4.7,67.4,5
1999,fold4_room24_mix012,68.9,69.1,5
2000,fold4_room24_mix012,69.6,101.6,5
2001,fold4_room24_mix012,112.3,116.0,5
2002,fold4_room24_mix012,116.9,119.2,5
2003,fold4_room24_mix012,136.4,137.2,5
2004,fold4_room24_mix012,137.6,138.4,5
2005,fold4_room24_mix012,139.2,139.4,6
2006,fold4_room24_mix012,142.5,144.1,0
2007,fold4_room24_mix012,145.7,146.7,0
2008,fold4_room24_mix012,147.6,147.6,6
2009,fold4_room24_mix012,147.8,156.7,5
2010,fold4_room23_mix007,1.5,7.3,1
2011,fold4_room23_mix007,8.8,9.7,1
2012,fold4_room23_mix007,13.2,14.0,1
2013,fold4_room23_mix007,17.4,17.9,1
2014,fold4_room23_mix007,27.6,30.0,1
2015,fold4_room23_mix007,33.0,33.5,1
2016,fold4_room23_mix007,37.6,38.6,1
2017,fold4_room23_mix007,42.2,45.7,1
2018,fold4_room23_mix007,46.5,53.6,1
2019,fold4_room23_mix007,56.8,61.5,1
2020,fold4_room23_mix007,61.8,65.3,1
2021,fold4_room23_mix007,67.5,68.4,2
2022,fold4_room23_mix007,68.7,81.5,1
2023,fold4_room23_mix007,81.9,93.4,1
2024,fold4_room23_mix007,102.2,108.5,1
2025,fold4_room23_mix007,110.9,114.1,1
2026,fold4_room23_mix007,114.9,118.5,1
2027,fold4_room23_mix007,120.4,122.0,1
2028,fold4_room23_mix007,122.4,125.9,1
2029,fold4_room23_mix012,0.7,21.2,5
2030,fold4_room23_mix012,22.8,23.2,6
2031,fold4_room23_mix012,23.4,38.4,5
2032,fold4_room23_mix012,38.7,41.8,6
2033,fold4_room23_mix012,41.9,61.4,5
2034,fold4_room23_mix012,70.3,70.7,5
2035,fold4_room23_mix012,71.4,72.8,5
2036,fold4_room23_mix012,73.3,74.7,1
2037,fold4_room23_mix012,75.0,75.4,6
2038,fold4_room23_mix012,76.3,77.7,1
2039,fold4_room23_mix012,78.7,78.9,6
2040,fold4_room23_mix012,79.0,81.3,1
2041,fold4_room23_mix012,81.9,83.5,5
2042,fold4_room23_mix012,83.9,85.2,5
2043,fold4_room23_mix012,90.2,94.9,5
2044,fold4_room24_mix010,1.2,1.2,6
2045,fold4_room24_mix010,3.0,3.8,6
2046,fold4_room24_mix010,4.1,4.1,0
2047,fold4_room24_mix010,4.3,5.6,1
2048,fold4_room24_mix010,5.8,7.5,0
2049,fold4_room24_mix010,9.1,11.7,0
2050,fold4_room24_mix010,11.9,13.8,1
2051,fold4_room24_mix010,21.4,22.4,0
2052,fold4_room24_mix010,25.0,26.3,1
2053,fold4_room24_mix010,26.7,27.3,0
2054,fold4_room24_mix010,35.3,36.0,0
2055,fold4_room24_mix010,44.0,47.3,1
2056,fold4_room24_mix010,48.7,49.4,1
2057,fold4_room24_mix010,51.2,52.9,0
2058,fold4_room24_mix010,59.4,60.1,0
2059,fold4_room24_mix010,61.4,63.2,1
2060,fold4_room24_mix010,63.7,64.1,0
2061,fold4_room24_mix010,65.4,66.6,1
2062,fold4_room24_mix010,70.7,71.0,0
2063,fold4_room23_mix010,0.1,1.1,5
2064,fold4_room23_mix010,5.9,6.3,5
2065,fold4_room23_mix010,7.3,70.9,5
